,Date,Media Sources,Compound,Positive,Negative,Neutral,Tweet,Tweets Ago
0,Sat Jun 09 11:52:31 +0000 2018,@BBC,-0.296,0.0,0.905,0.095,"can we all decide to tag @CNN @BBC whenever the issue of SARS arises? 
Because @channelstv and @NTANewsNow no one d‚Ä¶ https://t.co/PQ48PmR1OQ",1
1,Sat Jun 09 11:52:17 +0000 2018,@BBC,-0.8402,0.0,0.679,0.321,"RT @BBC: üòÇ Fashion sense v common sense: the battle rages on.

Is the 'fanny pack shoe' an ugly fashion step too far?
üëâ https://t.co/mSp3E6‚Ä¶",2
2,Sat Jun 09 11:51:51 +0000 2018,@BBC,-0.2732,0.086,0.784,0.129,RT @SteveLawrence_: John Humphrys patronisingly admits that the @BBC has failed in its duty to inform the public on Brexit. Maybe @BBCr4tod‚Ä¶,3
3,Sat Jun 09 11:51:50 +0000 2018,@BBC,0.0772,0.064,0.936,0.0,"@SteveLawrence_ @BBC @BBCr4today Mate. Look closer to home. Incidentally, the Art 50 challenge is due to be heard o‚Ä¶ https://t.co/IiHi4mrxqp",4
4,Sat Jun 09 11:51:33 +0000 2018,@BBC,0.0,0.0,1.0,0.0,"RT @BBC: üòÜ @Channing Tatum and @UsainBolt have all the moves.  
#TheGNShow https://t.co/ry6TVJ6b6P",5
5,Sat Jun 09 11:51:28 +0000 2018,@BBC,-0.2732,0.086,0.784,0.129,RT @SteveLawrence_: John Humphrys patronisingly admits that the @BBC has failed in its duty to inform the public on Brexit. Maybe @BBCr4tod‚Ä¶,6
6,Sat Jun 09 11:51:13 +0000 2018,@BBC,-0.7096,0.0,0.772,0.228,"RT @Naijadailyfeed: This is the new way SARS (Special anti robbery squad) rob Nigerians. We need assistance
#EndSARS @AJStream @CNN @BBC @A‚Ä¶",7
7,Sat Jun 09 11:50:49 +0000 2018,@BBC,0.0,0.0,1.0,0.0,"RT @WECF_INT: #FeministFriday suggestion: have you seen that @BBC have a programme called #HearHer, where they collect women's voices acros‚Ä¶",8
8,Sat Jun 09 11:50:01 +0000 2018,@BBC,0.0,0.0,1.0,0.0,"""There‚Äôs a logic to this seething mass of bodies, though it might not be visible to outsiders. This logic keeps fan‚Ä¶ https://t.co/HUVHXmD7fB",9
9,Sat Jun 09 11:49:49 +0000 2018,@BBC,0.0,0.0,1.0,0.0,"RT @BBC: üåäüíô A message from Sir David Attenborough for #WorldOceansDay. 
 https://t.co/778x4RMMRv",10
10,Sat Jun 09 11:49:42 +0000 2018,@BBC,0.6369,0.219,0.781,0.0,@soapachu @BBC Totally the 2012 Opening Ceremony. One of the best things we've ever put on.,11
11,Sat Jun 09 11:48:48 +0000 2018,@BBC,0.3818,0.163,0.736,0.101,RT @milly4red: #FreeSisikuAyukTabe #freeourleaders. They led our fight for freedom &amp; were captured by @Mbuhari on 1/5/18 &amp; vanished into th‚Ä¶,12
12,Sat Jun 09 11:48:46 +0000 2018,@BBC,0.8271,0.293,0.707,0.0,RT @NijaActivist: Finally this Sars Guy got to my best friend today #EndSars Story so long but I‚Äôm glad he‚Äôs Out @segalink @BBCBreaking @BB‚Ä¶,13
13,Sat Jun 09 11:48:29 +0000 2018,@BBC,0.0,0.0,1.0,0.0,@GStarFreedom @am_draper @Fenbeagle @mike8881 @Lin46222208 @Karenco30 @MrNobodeee @jenninemorgan @loriblue6‚Ä¶ https://t.co/zEzQdEqhUK,14
14,Sat Jun 09 11:48:24 +0000 2018,@BBC,0.0,0.0,1.0,0.0,@Fenbeagle @mike8881 @Lin46222208 @Karenco30 @GStarFreedom @MrNobodeee @jenninemorgan @am_draper @loriblue6‚Ä¶ https://t.co/9Dtv3Qeglg,15
15,Sat Jun 09 11:48:14 +0000 2018,@BBC,-0.5267,0.102,0.631,0.267,"@BryanEastwood2 No Mention of Immigration.
It's all 'failure to build' is it?
Imagine my surprise @BBC",16
16,Sat Jun 09 11:48:09 +0000 2018,@BBC,0.8271,0.293,0.707,0.0,RT @NijaActivist: Finally this Sars Guy got to my best friend today #EndSars Story so long but I‚Äôm glad he‚Äôs Out @segalink @BBCBreaking @BB‚Ä¶,17
17,Sat Jun 09 11:47:55 +0000 2018,@BBC,-0.5859,0.0,0.648,0.352,@callmejustsean @RTUKnews @Conservatives @BBC @SkyNews Because it‚Äôs bullshit,18
18,Sat Jun 09 11:47:32 +0000 2018,@BBC,-0.25,0.0,0.92,0.08,"RT @jizlee: ""It would be rather hypocritical to suggest people who watch porn are upstanding members of society, but people who star in it‚Ä¶",19
19,Sat Jun 09 11:47:17 +0000 2018,@BBC,0.0,0.0,1.0,0.0,"RT @BBC: üåäüíô A message from Sir David Attenborough for #WorldOceansDay. 
 https://t.co/778x4RMMRv",20
20,Sat Jun 09 11:47:15 +0000 2018,@BBC,0.0,0.0,1.0,0.0,"RT @BBC: üåäüíô A message from Sir David Attenborough for #WorldOceansDay. 
 https://t.co/778x4RMMRv",21
21,Sat Jun 09 11:47:12 +0000 2018,@BBC,0.0,0.0,1.0,0.0,@welt @ZDF @WDR @BBC @nytimes @CNN @lemonde_fr @DLF @telegraaf @SZ @RTLde @DIEZEIT @ARD_Presse @faznet‚Ä¶ https://t.co/LrSdm7tAwC,22
22,Sat Jun 09 11:47:12 +0000 2018,@BBC,0.6705,0.193,0.807,0.0,RT @martycon73: New poll out this morning for the @bbc shows support for a United Ireland 'neck and neck'. So a lot closer than the DUP and‚Ä¶,23
23,Sat Jun 09 11:47:06 +0000 2018,@BBC,0.8271,0.293,0.707,0.0,RT @NijaActivist: Finally this Sars Guy got to my best friend today #EndSars Story so long but I‚Äôm glad he‚Äôs Out @segalink @BBCBreaking @BB‚Ä¶,24
24,Sat Jun 09 11:47:01 +0000 2018,@BBC,0.0,0.0,1.0,0.0,"RT @BBC: üòÜ @Channing Tatum and @UsainBolt have all the moves.  
#TheGNShow https://t.co/ry6TVJ6b6P",25
25,Sat Jun 09 11:46:57 +0000 2018,@BBC,0.6705,0.193,0.807,0.0,RT @martycon73: New poll out this morning for the @bbc shows support for a United Ireland 'neck and neck'. So a lot closer than the DUP and‚Ä¶,26
26,Sat Jun 09 11:46:14 +0000 2018,@BBC,-0.3089,0.0,0.852,0.148,"RT @BBC: 'If the oceans don't stay healthy, human beings are doomed.' 
#WorldOceansDay https://t.co/5aTLEHZ9Mi",27
27,Sat Jun 09 11:46:09 +0000 2018,@BBC,0.0,0.0,1.0,0.0,@welt @ZDF @WDR @BBC @nytimes @CNN @lemonde_fr @DLF @telegraaf @SZ @RTLde @DIEZEIT @ARD_Presse @faznet‚Ä¶ https://t.co/phd2PdAm1n,28
28,Sat Jun 09 11:45:52 +0000 2018,@BBC,-0.2732,0.086,0.784,0.129,RT @SteveLawrence_: John Humphrys patronisingly admits that the @BBC has failed in its duty to inform the public on Brexit. Maybe @BBCr4tod‚Ä¶,29
29,Sat Jun 09 11:45:12 +0000 2018,@BBC,-0.6249,0.0,0.661,0.339,RT @KaptanHindustan: The Venezuelan economic crisis via @BBC https://t.co/49xVE3VgWF,30
30,Sat Jun 09 11:45:10 +0000 2018,@BBC,-0.1984,0.0,0.925,0.075,17.2 million people voted to leave the EU - supranational ... not some dodgey Brexit deal !! The TM  PM clock is ti‚Ä¶ https://t.co/K70yREnXtL,31
31,Sat Jun 09 11:45:06 +0000 2018,@BBC,0.9306,0.422,0.578,0.0,RT @RAFRed5: Is there a more splendid view?Very proud to be British and to have a role to play today. A most excellent display by everyone‚Ä¶,32
32,Sat Jun 09 11:44:00 +0000 2018,@BBC,-0.7096,0.0,0.742,0.258,"This is the new way SARS (Special anti robbery squad) rob Nigerians. We need assistance
#EndSARS @AJStream @CNN‚Ä¶ https://t.co/uoOGm2iivc",33
33,Sat Jun 09 11:43:09 +0000 2018,@BBC,0.0,0.0,1.0,0.0,"RT @vivekkapoor111: @pankajbhatt54 @Thinkerks @narendramodi @rsprasad @FinMinIndia CC
@realDonaldTrump
@POTUS
@FLOTUS
@WhiteHouse
@narendra‚Ä¶",34
34,Sat Jun 09 11:42:29 +0000 2018,@BBC,0.8271,0.293,0.707,0.0,RT @NijaActivist: Finally this Sars Guy got to my best friend today #EndSars Story so long but I‚Äôm glad he‚Äôs Out @segalink @BBCBreaking @BB‚Ä¶,35
35,Sat Jun 09 11:42:24 +0000 2018,@BBC,0.2023,0.107,0.893,0.0,"@davidgbr8963t @Andrew_Adonis @BBCr4today The Today programme needs a clear-out from the top down, it's become a mo‚Ä¶ https://t.co/m1GEE1xab0",36
36,Sat Jun 09 11:42:16 +0000 2018,@BBC,0.0,0.0,1.0,0.0,RT @PatleNutu: ‡§ó‡•Ä‡§§‡§æ ‡§Ü7 ‡§Æ‡§®‡•ç‡§§‡•ç‡§∞12 ‡§Æ‡•á‡§Ç ‡§ï‡§π‡§æ ‡§π‡•à ‡§ï‡§ø ‡§§‡•Ä‡§®‡•ã‡§Ç ‡§ó‡•Å‡§£‡•ã‡§Ç ‡§∏‡•á ‡§ú‡•ã ‡§≠‡•Ä ‡§ï‡§æ‡§∞‡•ç‡§Ø ‡§ï‡§ø‡§Ø‡§æ ‡§ú‡§æ ‡§∞‡§π‡§æ ‡§π‡•à ‡§µ‡§π ‡§∏‡§¨ ‡§Æ‡•Å‡§ù‡§∏‡•á ‡§π‡•Ä ‡§π‡•ã‡§®‡•á ‡§µ‡§æ‡§≤‡§æ ‡§ú‡§æ‡§®‡•§‡§Ö‡§∞‡•ç‡§•‡§æ‡§§ ‡§Æ‡•à‡§Ç ‡§∏‡§¨ ‡§ï‡§æ‡§∞‡•ç‡§Ø ‡§ï‡§∞‚Ä¶,37
37,Sat Jun 09 11:42:11 +0000 2018,@BBC,-0.743,0.0,0.742,0.258,"RT @otivar55: Alan Johnson was dreadful. No wonder he skittled off.
No wonder @BBC still bring him on to slag off Labour.
Its #ChangeIsComi‚Ä¶",38
38,Sat Jun 09 11:41:47 +0000 2018,@BBC,0.0,0.0,1.0,0.0,"#EndSARS
@BBC 
@CNN 
@AlJazeera",39
39,Sat Jun 09 11:41:20 +0000 2018,@BBC,0.8271,0.293,0.707,0.0,RT @NijaActivist: Finally this Sars Guy got to my best friend today #EndSars Story so long but I‚Äôm glad he‚Äôs Out @segalink @BBCBreaking @BB‚Ä¶,40
40,Sat Jun 09 11:40:59 +0000 2018,@BBC,0.8271,0.293,0.707,0.0,RT @NijaActivist: Finally this Sars Guy got to my best friend today #EndSars Story so long but I‚Äôm glad he‚Äôs Out @segalink @BBCBreaking @BB‚Ä¶,41
41,Sat Jun 09 11:40:36 +0000 2018,@BBC,0.8271,0.293,0.707,0.0,RT @NijaActivist: Finally this Sars Guy got to my best friend today #EndSars Story so long but I‚Äôm glad he‚Äôs Out @segalink @BBCBreaking @BB‚Ä¶,42
42,Sat Jun 09 11:39:41 +0000 2018,@BBC,0.3612,0.122,0.878,0.0,@EnglanderInOZ @MeltonBlue @BBC @jeremycorbyn Oh now I understand your point of view. We will just have to agree to‚Ä¶ https://t.co/MVd6Sn7Wld,43
43,Sat Jun 09 11:38:52 +0000 2018,@BBC,0.0,0.0,1.0,0.0,RT @GStarFreedom: @am_draper @Fenbeagle @mike8881 @Lin46222208 @Karenco30 @MrNobodeee @jenninemorgan @loriblue6 @ElContador2000 @SimonGosde‚Ä¶,44
44,Sat Jun 09 11:38:26 +0000 2018,@BBC,0.0,0.0,1.0,0.0,"RT @BBC: üåäüíô A message from Sir David Attenborough for #WorldOceansDay. 
 https://t.co/778x4RMMRv",45
45,Sat Jun 09 11:38:00 +0000 2018,@BBC,-0.6249,0.0,0.661,0.339,RT @KaptanHindustan: The Venezuelan economic crisis via @BBC https://t.co/49xVE3VgWF,46
46,Sat Jun 09 11:36:36 +0000 2018,@BBC,0.8331,0.343,0.657,0.0,RT @GhioLena: Transdisciplinary Art at its best and reason to HOPE: https://t.co/F1zWA8Qruo @BBCScienceNews  @BBC @BBCWorld @BBCEarth @bbca‚Ä¶,47
47,Sat Jun 09 11:36:34 +0000 2018,@BBC,-0.6249,0.0,0.594,0.406,The Venezuelan economic crisis via @BBC https://t.co/49xVE3VgWF,48
48,Sat Jun 09 11:35:47 +0000 2018,@BBC,-0.743,0.0,0.722,0.278,"Alan Johnson was dreadful. No wonder he skittled off.
No wonder @BBC still bring him on to slag off Labour.
Its‚Ä¶ https://t.co/qRUQNc4sRg",49
49,Sat Jun 09 11:35:43 +0000 2018,@BBC,0.0,0.0,1.0,0.0,RT @Boxing_Bugle: @StepheninHerts @USSwaminathan5 @RealitySmash @shenoy70 @theresa_may @BBC @BBCWorld @BBCNews Do you actually know how man‚Ä¶,50
50,Sat Jun 09 11:35:05 +0000 2018,@BBC,0.0,0.0,1.0,0.0,"RT @RampartapD: #PranabAtRSSEvent
#KnowYourReligion
#‡§™‡•Ç‡§∞‡•ç‡§£‡§¨‡•ç‡§∞‡§π‡•ç‡§Æ_‡§ï‡§¨‡•Ä‡§∞
‡§∏‡§≠‡•Ä ‡§∏‡§¶‡•ç‡§ó‡•ç‡§∞‡§®‡•ç‡§• ‡§™‡•ç‡§∞‡§Æ‡§æ‡§£ ‡§¶‡•á ‡§∞‡§π‡•á ‡§ï‡•Ä ‡§ï‡§¨‡•Ä‡§∞ ‡§∏‡§æ‡§π‡•á‡§¨ ‡§™‡§∞‡§Æ‡§æ‡§§‡•ç‡§Æ‡§æ ‡§π‡•à ‡§ú‡•ã ‡§ú‡•Å‡§≤‡§æ‡§π‡•á ‡§ï‡•á ‡§ò‡§∞‚Ä¶",51
51,Sat Jun 09 11:34:37 +0000 2018,@BBC,0.0,0.0,1.0,0.0,"RT @BBC: üåäüíô A message from Sir David Attenborough for #WorldOceansDay. 
 https://t.co/778x4RMMRv",52
52,Sat Jun 09 11:34:23 +0000 2018,@BBC,-0.296,0.0,0.913,0.087,"RT @britologywatch: Can the @BBC stop referring to England football fans in Russia as 'British' or coming from 'the UK'? How many Scots, We‚Ä¶",53
53,Sat Jun 09 11:34:11 +0000 2018,@BBC,-0.2732,0.086,0.784,0.129,RT @SteveLawrence_: John Humphrys patronisingly admits that the @BBC has failed in its duty to inform the public on Brexit. Maybe @BBCr4tod‚Ä¶,54
54,Sat Jun 09 11:33:55 +0000 2018,@BBC,0.0,0.0,1.0,0.0,"@FriseSally @BBC The Beeb, to be expected",55
55,Sat Jun 09 11:33:53 +0000 2018,@BBC,0.8271,0.293,0.707,0.0,RT @NijaActivist: Finally this Sars Guy got to my best friend today #EndSars Story so long but I‚Äôm glad he‚Äôs Out @segalink @BBCBreaking @BB‚Ä¶,56
56,Sat Jun 09 11:32:34 +0000 2018,@BBC,0.0,0.0,1.0,0.0,"RT @BBC: üòÜ @Channing Tatum and @UsainBolt have all the moves.  
#TheGNShow https://t.co/ry6TVJ6b6P",57
57,Sat Jun 09 11:32:11 +0000 2018,@BBC,0.8271,0.293,0.707,0.0,RT @NijaActivist: Finally this Sars Guy got to my best friend today #EndSars Story so long but I‚Äôm glad he‚Äôs Out @segalink @BBCBreaking @BB‚Ä¶,58
58,Sat Jun 09 11:32:00 +0000 2018,@BBC,0.0,0.0,1.0,0.0,@soapachu @BBC The 2012 Olympic closing ceremony was epic. I‚Äôd watch that again!,59
59,Sat Jun 09 11:31:55 +0000 2018,@BBC,0.0,0.0,1.0,0.0,"RT @BBC: üòÜ @Channing Tatum and @UsainBolt have all the moves.  
#TheGNShow https://t.co/ry6TVJ6b6P",60
60,Sat Jun 09 11:31:48 +0000 2018,@BBC,0.0,0.0,1.0,0.0,RT @katharinemulc: Gone are the days of the black book of reliable contacts and the @BBC are now tracking the balance of contributors progr‚Ä¶,61
61,Sat Jun 09 11:31:48 +0000 2018,@BBC,0.079,0.147,0.717,0.135,Very sad to hear @BBC commentators celebrating the fact that we still have soldiers operating in several foreign co‚Ä¶ https://t.co/37rMmNegUH,62
62,Sat Jun 09 11:31:17 +0000 2018,@BBC,0.0,0.0,1.0,0.0,RT @jsoler63: @baphomed75 @eucopresident @thevocaleurope @EU_Commission @JunckerEU @SZ @DerSPIEGEL @BBC @lemonde_pol @FT @nytimes @ScotNati‚Ä¶,63
63,Sat Jun 09 11:30:18 +0000 2018,@BBC,0.0,0.0,1.0,0.0,"RT @BBC: üåäüíô A message from Sir David Attenborough for #WorldOceansDay. 
 https://t.co/778x4RMMRv",64
64,Sat Jun 09 11:30:11 +0000 2018,@BBC,0.5106,0.142,0.858,0.0,RT @decisionalysis: Looking for a talented researcher to work on #AI and #responsibility with @BBC. This is an @ahrcpress funded project. Y‚Ä¶,65
65,Sat Jun 09 11:30:08 +0000 2018,@BBC,0.3802,0.126,0.874,0.0,"Looking forward to seeing the @missviper91 documentary on @BBC 1 on Monday at 7.30pm. Make sure you tune in!

https://t.co/habPQL6PMB",66
66,Sat Jun 09 11:29:52 +0000 2018,@BBC,0.0,0.0,1.0,0.0,@gxzs @saralmevans @BBC Bum Bag Slider.,67
67,Sat Jun 09 11:29:42 +0000 2018,@BBC,0.8271,0.293,0.707,0.0,RT @NijaActivist: Finally this Sars Guy got to my best friend today #EndSars Story so long but I‚Äôm glad he‚Äôs Out @segalink @BBCBreaking @BB‚Ä¶,68
68,Sat Jun 09 11:29:42 +0000 2018,@BBC,0.0,0.0,1.0,0.0,"RT @BBC: üòÜ @Channing Tatum and @UsainBolt have all the moves.  
#TheGNShow https://t.co/ry6TVJ6b6P",69
69,Sat Jun 09 11:29:28 +0000 2018,@BBC,0.0,0.0,1.0,0.0,Does MI5 still blacklist left wingers from working at the @BBC ? Do we still have any journalists left who‚Äôd invest‚Ä¶ https://t.co/GqpLRPZXKU,70
70,Sat Jun 09 11:29:27 +0000 2018,@BBC,-0.4199,0.0,0.811,0.189,@bbc providing the world with wall-wall opulence whilst @BBCNews provides ‚Ä¶ Olympus has fallen!,71
71,Sat Jun 09 11:29:18 +0000 2018,@BBC,-0.2732,0.086,0.784,0.129,RT @SteveLawrence_: John Humphrys patronisingly admits that the @BBC has failed in its duty to inform the public on Brexit. Maybe @BBCr4tod‚Ä¶,72
72,Sat Jun 09 11:29:16 +0000 2018,@BBC,0.8271,0.293,0.707,0.0,RT @NijaActivist: Finally this Sars Guy got to my best friend today #EndSars Story so long but I‚Äôm glad he‚Äôs Out @segalink @BBCBreaking @BB‚Ä¶,73
73,Sat Jun 09 11:28:45 +0000 2018,@BBC,0.0,0.0,1.0,0.0,RT @denilson_kings: @itzskizy @CNN @CNNAfrica @cnnbrk @cnni @BBC @BBCWorld @BBCBreaking @BBCAfrica @AlJazeera_World @FoxNews,74
74,Sat Jun 09 11:28:38 +0000 2018,@BBC,0.0,0.0,1.0,0.0,@LandscapeMan @BBC @NTmountstewart @FlowerdewBob We have a few of these left.... with spikes ¬£34.99 https://t.co/DTApdXW28N,75
75,Sat Jun 09 11:28:29 +0000 2018,@BBC,-0.2732,0.086,0.784,0.129,RT @SteveLawrence_: John Humphrys patronisingly admits that the @BBC has failed in its duty to inform the public on Brexit. Maybe @BBCr4tod‚Ä¶,76
76,Sat Jun 09 11:28:29 +0000 2018,@BBC,-0.4335,0.097,0.696,0.207,@RichardWellings The only people that watch it are the people who agree with their sentiments. So no loss! They are‚Ä¶ https://t.co/Pz4EUiMvoO,77
77,Sat Jun 09 11:28:25 +0000 2018,@BBC,0.3506,0.13,0.87,0.0,Dear @BBC please put Jam and Jerusalem to download online. (I have the DVDs but I‚Äôm out of the country at the mo an‚Ä¶ https://t.co/2jZ2t55xqU,78
78,Sat Jun 09 11:28:13 +0000 2018,@BBC,0.8271,0.293,0.707,0.0,RT @NijaActivist: Finally this Sars Guy got to my best friend today #EndSars Story so long but I‚Äôm glad he‚Äôs Out @segalink @BBCBreaking @BB‚Ä¶,79
79,Sat Jun 09 11:28:09 +0000 2018,@BBC,0.0,0.0,1.0,0.0,"This @BBC coverage is servile and full of, quoting Wikipedia on Dickens' Uriah Heep, ""cloying humility, obsequiousn‚Ä¶ https://t.co/kWH2F3neIn",80
80,Sat Jun 09 11:27:59 +0000 2018,@BBC,0.7579,0.362,0.638,0.0,@ali__samson The British people are entitled to vote on the agreement reached. This is too important a decision to‚Ä¶ https://t.co/dMLM5NdNon,81
81,Sat Jun 09 11:27:43 +0000 2018,@BBC,0.8271,0.293,0.707,0.0,RT @NijaActivist: Finally this Sars Guy got to my best friend today #EndSars Story so long but I‚Äôm glad he‚Äôs Out @segalink @BBCBreaking @BB‚Ä¶,82
82,Sat Jun 09 11:27:15 +0000 2018,@BBC,0.6696,0.219,0.781,0.0,@BBC NYC dealers are going to love this so much that they'll wear socks with them also!,83
83,Sat Jun 09 11:27:06 +0000 2018,@BBC,0.0,0.0,1.0,0.0,"RT @BBC: üòÜ @Channing Tatum and @UsainBolt have all the moves.  
#TheGNShow https://t.co/ry6TVJ6b6P",84
84,Sat Jun 09 11:27:05 +0000 2018,@BBC,0.0,0.0,1.0,0.0,RT @Miradasipatlle: ‡§ó‡•Ä‡§§‡§æ ‡§Ü7 ‡§Æ‡§®‡•ç‡§§‡•ç‡§∞12 ‡§Æ‡•á‡§Ç ‡§ï‡§π‡§æ ‡§π‡•à ‡§ï‡§ø ‡§§‡•Ä‡§®‡•ã‡§Ç ‡§ó‡•Å‡§£‡•ã‡§Ç ‡§∏‡•á ‡§ú‡•ã ‡§≠‡•Ä ‡§ï‡§æ‡§∞‡•ç‡§Ø ‡§ï‡§ø‡§Ø‡§æ ‡§ú‡§æ ‡§∞‡§π‡§æ ‡§π‡•à ‡§µ‡§π ‡§∏‡§¨ ‡§Æ‡•Å‡§ù‡§∏‡•á ‡§π‡•Ä ‡§π‡•ã‡§®‡•á ‡§µ‡§æ‡§≤‡§æ ‡§ú‡§æ‡§®‡•§‡§Ö‡§∞‡•ç‡§•‡§æ‡§§ ‡§Æ‡•à‡§Ç ‡§∏‡§¨ ‡§ï‡§æ‚Ä¶,85
85,Sat Jun 09 11:26:35 +0000 2018,@BBC,0.8271,0.293,0.707,0.0,RT @NijaActivist: Finally this Sars Guy got to my best friend today #EndSars Story so long but I‚Äôm glad he‚Äôs Out @segalink @BBCBreaking @BB‚Ä¶,86
86,Sat Jun 09 11:26:08 +0000 2018,@BBC,0.0,0.0,1.0,0.0,RT @Miradasipatlle: ‡§ó‡•Ä‡§§‡§æ ‡§Ü7 ‡§Æ‡§®‡•ç‡§§‡•ç‡§∞12 ‡§Æ‡•á‡§Ç ‡§ï‡§π‡§æ ‡§π‡•à ‡§ï‡§ø ‡§§‡•Ä‡§®‡•ã‡§Ç ‡§ó‡•Å‡§£‡•ã‡§Ç ‡§∏‡•á ‡§ú‡•ã ‡§≠‡•Ä ‡§ï‡§æ‡§∞‡•ç‡§Ø ‡§ï‡§ø‡§Ø‡§æ ‡§ú‡§æ ‡§∞‡§π‡§æ ‡§π‡•à ‡§µ‡§π ‡§∏‡§¨ ‡§Æ‡•Å‡§ù‡§∏‡•á ‡§π‡•Ä ‡§π‡•ã‡§®‡•á ‡§µ‡§æ‡§≤‡§æ ‡§ú‡§æ‡§®‡•§‡§Ö‡§∞‡•ç‡§•‡§æ‡§§ ‡§Æ‡•à‡§Ç ‡§∏‡§¨ ‡§ï‡§æ‚Ä¶,87
87,Sat Jun 09 11:26:03 +0000 2018,@BBC,-0.3089,0.0,0.852,0.148,"RT @BBC: 'If the oceans don't stay healthy, human beings are doomed.' 
#WorldOceansDay https://t.co/5aTLEHZ9Mi",88
88,Sat Jun 09 11:25:12 +0000 2018,@BBC,0.0,0.0,1.0,0.0,Gone are the days of the black book of reliable contacts and the @BBC are now tracking the balance of contributors‚Ä¶ https://t.co/936pO1z14M,89
89,Sat Jun 09 11:25:04 +0000 2018,@BBC,0.5574,0.135,0.865,0.0,RT @BBC: üé∂ü¶àüöÄüöó From jazz-loving sharks to @elonmusk shooting his car into space: these are the 7 funniest news stories of the year so far...‚Ä¶,90
90,Sat Jun 09 11:24:42 +0000 2018,@BBC,0.0,0.0,1.0,0.0,. @BBC Robert from the @DailyMailUK you say... Mute! #TroopingtheColour #bbc #nothanks,91
91,Sat Jun 09 11:24:36 +0000 2018,@BBC,0.5994,0.565,0.435,0.0,@BBC @JenvkCLE How beautiful üíñ,92
92,Sat Jun 09 11:24:36 +0000 2018,@BBC,0.3595,0.163,0.727,0.109,@BBCNews @BBC Love it! But a lot of the unnecessary chat by commentators over the music is irritating to say the le‚Ä¶ https://t.co/TjKl4D6sAw,93
93,Sat Jun 09 11:24:05 +0000 2018,@BBC,0.0,0.0,1.0,0.0,@soapachu @BBC  https://t.co/nDWdlshwsW,94
94,Sat Jun 09 11:23:57 +0000 2018,@BBC,0.0,0.0,1.0,0.0,RT @GhioLena: The story of a lemon tree reveals how evolution happens: https://t.co/Nb2SrMvBSc @BBCScienceNews  @BBC @BBCWorld @BBCEarth @b‚Ä¶,95
95,Sat Jun 09 11:23:38 +0000 2018,@BBC,0.0,0.0,1.0,0.0,"RT @RamjiVe02121148: #MaoistPlotToKillPM 
‡§ó‡•Ä‡§§‡§æ ‡§Ü7 ‡§Æ‡§®‡•ç‡§§‡•ç‡§∞12 ‡§Æ‡•á‡§Ç ‡§ï‡§π‡§æ ‡§π‡•à ‡§ï‡§ø ‡§§‡•Ä‡§®‡•ã‡§Ç ‡§ó‡•Å‡§£‡•ã‡§Ç ‡§∏‡•á ‡§ú‡•ã ‡§≠‡•Ä ‡§ï‡§æ‡§∞‡•ç‡§Ø ‡§ï‡§ø‡§Ø‡§æ ‡§ú‡§æ ‡§∞‡§π‡§æ ‡§π‡•à ‡§µ‡§π ‡§∏‡§¨ ‡§Æ‡•Å‡§ù‡§∏‡•á ‡§π‡•Ä ‡§π‡•ã‡§®‡•á ‡§µ‡§æ‡§≤‡§æ‚Ä¶",96
96,Sat Jun 09 11:23:24 +0000 2018,@BBC,0.6124,0.571,0.429,0.0,@BBCNews @BBC Gorgeous üòçü§ó,97
97,Sat Jun 09 11:23:16 +0000 2018,@BBC,0.0,0.0,1.0,0.0,@FESMontemaggi @Sillyshib @SteveLawrence_ @BBC @BBCr4today He is a major figure in 'The Establishment'. And knows it.,98
98,Sat Jun 09 11:23:05 +0000 2018,@BBC,-0.2732,0.086,0.784,0.129,RT @SteveLawrence_: John Humphrys patronisingly admits that the @BBC has failed in its duty to inform the public on Brexit. Maybe @BBCr4tod‚Ä¶,99
99,Sat Jun 09 11:52:47 +0000 2018,@CBSNews,0.0,0.0,1.0,0.0,RT @Jagannath9648: @ccAUOnS010NpHsx @Praveendas786 @mlkhattar @BBCBreaking @CBSNews @BBCNews @ndtv @ABC @ABCPolitics @rashtrapatibhvn @PMOI‚Ä¶,1
100,Sat Jun 09 11:52:42 +0000 2018,@CBSNews,0.0,0.0,1.0,0.0,RT @ccAUOnS010NpHsx: @Praveendas786 @mlkhattar @BBCBreaking @CBSNews @BBCNews @ndtv @ABC @ABCPolitics @rashtrapatibhvn @PMOIndia @ABSCBNNew‚Ä¶,2
101,Sat Jun 09 11:52:38 +0000 2018,@CBSNews,0.0,0.0,1.0,0.0,@TheMikeCrook @CBSNews So did the Nazis at concentration camps.,3
102,Sat Jun 09 11:52:34 +0000 2018,@CBSNews,0.0,0.0,1.0,0.0,RT @KabirMissile: @Praveendas786 @mlkhattar @BBCBreaking @CBSNews @BBCNews @ndtv @ABC @ABCPolitics @rashtrapatibhvn @PMOIndia @ABSCBNNewsSp‚Ä¶,4
103,Sat Jun 09 11:52:32 +0000 2018,@CBSNews,0.0,0.0,1.0,0.0,@eenglishlearn @CBSNews Stay on topic a**hole.,5
104,Sat Jun 09 11:52:31 +0000 2018,@CBSNews,0.0,0.0,1.0,0.0,@CBSNews @NBCNews @latimes @NBCNews @nytimes @AOL @FoxNews¬† @FOXTV @AP @MSN @washingtonpost @USATODAY¬† @WSJ @nypost‚Ä¶ https://t.co/Ay6o5R4Ulx,6
105,Sat Jun 09 11:52:28 +0000 2018,@CBSNews,-0.296,0.0,0.901,0.099,@CBSNews return to sender . you think mexico wants them back ? without mexicans send money back home their be no mexico gov.,7
106,Sat Jun 09 11:52:26 +0000 2018,@CBSNews,-0.811,0.0,0.449,0.551,@CBSNews Shame on this administration!!! Shame on ICE!,8
107,Sat Jun 09 11:52:22 +0000 2018,@CBSNews,0.0,0.0,1.0,0.0,RT @CBSNews: Teen escorted from U.S. by ICE slain soon after in Mexico: Report https://t.co/JWiopRQHMA https://t.co/QDGXtfRMjl,9
108,Sat Jun 09 11:52:20 +0000 2018,@CBSNews,0.0,0.0,1.0,0.0,@MarkBadgett7 @CBSNews # https://t.co/duSns7dtox,10
109,Sat Jun 09 11:52:18 +0000 2018,@CBSNews,0.4574,0.15,0.85,0.0,@MarkBadgett7 @InformedTakes @CBSNews That‚Äôs all you got!  I‚Äôm an independent. I don‚Äôt need a party to tell me how‚Ä¶ https://t.co/djDwxuBkwG,11
110,Sat Jun 09 11:52:11 +0000 2018,@CBSNews,-0.3008,0.0,0.643,0.357,@CBSNews One less repeat offender.,12
111,Sat Jun 09 11:52:11 +0000 2018,@CBSNews,0.0,0.0,1.0,0.0,RT @CBSNews: Teen escorted from U.S. by ICE slain soon after in Mexico: Report https://t.co/JWiopRQHMA https://t.co/QDGXtfRMjl,13
112,Sat Jun 09 11:52:08 +0000 2018,@CBSNews,0.0,0.0,1.0,0.0,RT @CBSNews: Teen escorted from U.S. by ICE slain soon after in Mexico: Report https://t.co/JWiopRQHMA https://t.co/QDGXtfRMjl,14
113,Sat Jun 09 11:52:02 +0000 2018,@CBSNews,-0.6249,0.0,0.661,0.339,@CBSNews The Chinese are alot worst than the Russians.,15
114,Sat Jun 09 11:51:59 +0000 2018,@CBSNews,-0.6597,0.0,0.481,0.519,"@CBSNews Not a U.S. problem, it's a Mexican problem.",16
115,Sat Jun 09 11:51:53 +0000 2018,@CBSNews,0.4215,0.16,0.84,0.0,RT @CBSNews: $1.5 billion in campaign support was not enough for several candidates backed by George Soros to oust the incumbent competitio‚Ä¶,17
116,Sat Jun 09 11:51:48 +0000 2018,@CBSNews,0.0,0.0,1.0,0.0,@InformedTakes @CBSNews So are democrats. Count up to about 58 million I believe. https://t.co/3bt7rBR57k,18
117,Sat Jun 09 11:51:48 +0000 2018,@CBSNews,0.0,0.0,1.0,0.0,RT @CBSNews: Teen escorted from U.S. by ICE slain soon after in Mexico: Report https://t.co/JWiopRQHMA https://t.co/QDGXtfRMjl,19
118,Sat Jun 09 11:51:44 +0000 2018,@CBSNews,0.0,0.0,1.0,0.0,RT @CBSNews: Teen escorted from U.S. by ICE slain soon after in Mexico: Report https://t.co/JWiopRQHMA https://t.co/QDGXtfRMjl,20
119,Sat Jun 09 11:51:41 +0000 2018,@CBSNews,0.0,0.0,1.0,0.0,RT @CBSNews: Teen escorted from U.S. by ICE slain soon after in Mexico: Report https://t.co/JWiopRQHMA https://t.co/QDGXtfRMjl,21
120,Sat Jun 09 11:51:40 +0000 2018,@CBSNews,0.0,0.0,1.0,0.0,"@Atomik4US @kudurakasongoml @CBSNews Muhammad Ali was a consciencous objector, Donald Trump is a draft dodger (5x). There‚Äôs a big difference",22
121,Sat Jun 09 11:51:38 +0000 2018,@CBSNews,0.296,0.688,0.312,0.0,@CBSNews Ok?,23
122,Sat Jun 09 11:51:30 +0000 2018,@CBSNews,-0.886,0.0,0.701,0.299,@CBSNews Murder is murder regardless of what side of the border you're on... Ice seems to be as rogue and corrupt as the POTUS...,24
123,Sat Jun 09 11:51:29 +0000 2018,@CBSNews,0.0,0.0,1.0,0.0,RT @CBSNews: Teen escorted from U.S. by ICE slain soon after in Mexico: Report https://t.co/JWiopRQHMA https://t.co/QDGXtfRMjl,25
124,Sat Jun 09 11:51:25 +0000 2018,@CBSNews,0.0,0.0,1.0,0.0,RT @CBSNews: Revelations of a Chinese cyberattack on a U.S. Navy contractor comes days before President Trump attends a summit with North K‚Ä¶,26
125,Sat Jun 09 11:51:21 +0000 2018,@CBSNews,0.0,0.0,1.0,0.0,RT @CBSNews: Teen escorted from U.S. by ICE slain soon after in Mexico: Report https://t.co/JWiopRQHMA https://t.co/QDGXtfRMjl,27
126,Sat Jun 09 11:51:21 +0000 2018,@CBSNews,-0.0516,0.245,0.49,0.265,"@CBSNews Sounds like @EPN has a problem
..",28
127,Sat Jun 09 11:51:19 +0000 2018,@CBSNews,0.0,0.0,1.0,0.0,@CBSNews And?,29
128,Sat Jun 09 11:51:18 +0000 2018,@CBSNews,-0.4019,0.0,0.748,0.252,"@CBSNews Let me guess, this is somehow Trumps fault",30
129,Sat Jun 09 11:51:07 +0000 2018,@CBSNews,0.0,0.0,1.0,0.0,"RT @CBSNews: ‚ÄúI would tell President Trump, ‚ÄòThank you so much. That I am going to be that one that is going to make you so proud.‚Äô And I h‚Ä¶",31
130,Sat Jun 09 11:51:02 +0000 2018,@CBSNews,0.0,0.0,1.0,0.0,@tracybeanz @barkmartin @MSNBC @CNN @ABC @NBCNews @CBSNews @kylegriffin1  @PoliticusSarah @NancyPelosi‚Ä¶ https://t.co/QPJrtv0E2s,32
131,Sat Jun 09 11:50:54 +0000 2018,@CBSNews,0.0,0.0,1.0,0.0,RT @CBSNews: Teen escorted from U.S. by ICE slain soon after in Mexico: Report https://t.co/JWiopRQHMA https://t.co/QDGXtfRMjl,33
132,Sat Jun 09 11:50:49 +0000 2018,@CBSNews,0.0,0.0,1.0,0.0,@CBSNews They did their job.,34
133,Sat Jun 09 11:50:38 +0000 2018,@CBSNews,0.0,0.0,1.0,0.0,RT @petefrt: Climate Change Has Run Its Course: Its descent into social-justice identity politics is the last gasp of a cause that has lost‚Ä¶,35
134,Sat Jun 09 11:50:36 +0000 2018,@CBSNews,-0.6992,0.073,0.648,0.279,@DJ_RYLAS @CBSNews They‚Äôve done plenty of them.  Obviously you don‚Äôt give a shit about other people so stop pretending,36
135,Sat Jun 09 11:50:36 +0000 2018,@CBSNews,0.0,0.0,1.0,0.0,RT @CBSNews: Teen escorted from U.S. by ICE slain soon after in Mexico: Report https://t.co/JWiopRQHMA https://t.co/QDGXtfRMjl,37
136,Sat Jun 09 11:50:35 +0000 2018,@CBSNews,0.0,0.0,1.0,0.0,RT @CBSNews: Teen escorted from U.S. by ICE slain soon after in Mexico: Report https://t.co/JWiopRQHMA https://t.co/QDGXtfRMjl,38
137,Sat Jun 09 11:50:29 +0000 2018,@CBSNews,0.0,0.0,1.0,0.0,RT @CBSNews: Teen escorted from U.S. by ICE slain soon after in Mexico: Report https://t.co/JWiopRQHMA https://t.co/QDGXtfRMjl,39
138,Sat Jun 09 11:50:26 +0000 2018,@CBSNews,0.0,0.0,1.0,0.0,RT @CBSNews: Teen escorted from U.S. by ICE slain soon after in Mexico: Report https://t.co/JWiopRQHMA https://t.co/QDGXtfRMjl,40
139,Sat Jun 09 11:50:25 +0000 2018,@CBSNews,-0.6597,0.0,0.766,0.234,RT @CBSNews: A woman who was out walking her dogs is missing after an alligator reportedly attacked her and dragged her into a pond in Flor‚Ä¶,41
140,Sat Jun 09 11:50:20 +0000 2018,@CBSNews,-0.5267,0.0,0.839,0.161,RT @melissa5215: @morningmika obviously you must have porn on the mind to accuse our @POTUS of being upset he can‚Äôt watch porn in the White‚Ä¶,42
141,Sat Jun 09 11:50:16 +0000 2018,@CBSNews,0.0,0.0,1.0,0.0,RT @CBSNews: Fox News' Charles Krauthammer says he has weeks to live https://t.co/4HPbRwLsAc https://t.co/wz1UiswLri,43
142,Sat Jun 09 11:50:15 +0000 2018,@CBSNews,-0.6958,0.0,0.771,0.229,@genlady7 @CBSNews How is it that Israel is not considered a nation of terrorists? Meen erhabi? Int erhabi!,44
143,Sat Jun 09 11:49:53 +0000 2018,@CBSNews,0.0,0.0,1.0,0.0,RT @CBSNews: Teen escorted from U.S. by ICE slain soon after in Mexico: Report https://t.co/JWiopRQHMA https://t.co/QDGXtfRMjl,45
144,Sat Jun 09 11:49:51 +0000 2018,@CBSNews,0.0,0.0,1.0,0.0,"RT @CBSNews: With one last look at the crowd, Marmalade the harbor seal dived back into the waves off the coast of Ocean City, Maryland, af‚Ä¶",46
145,Sat Jun 09 11:49:49 +0000 2018,@CBSNews,0.0,0.0,1.0,0.0,RT @CBSNews: Teen escorted from U.S. by ICE slain soon after in Mexico: Report https://t.co/JWiopRQHMA https://t.co/QDGXtfRMjl,47
146,Sat Jun 09 11:49:48 +0000 2018,@CBSNews,-0.6486,0.0,0.482,0.518,@CBSNews He is dead already,48
147,Sat Jun 09 11:49:47 +0000 2018,@CBSNews,0.0,0.0,1.0,0.0,@CBSNews He got iced twice.,49
148,Sat Jun 09 11:49:47 +0000 2018,@CBSNews,-0.5859,0.152,0.505,0.343,@CBSNews Glad to see the real traitors and criminals are finally being arrested,50
149,Sat Jun 09 11:49:34 +0000 2018,@CBSNews,0.0,0.0,1.0,0.0,RT @CBSNews: Teen escorted from U.S. by ICE slain soon after in Mexico: Report https://t.co/JWiopRQHMA https://t.co/QDGXtfRMjl,51
150,Sat Jun 09 11:49:33 +0000 2018,@CBSNews,0.0,0.0,1.0,0.0,RT @CBSNews: Teen escorted from U.S. by ICE slain soon after in Mexico: Report https://t.co/JWiopRQHMA https://t.co/QDGXtfRMjl,52
151,Sat Jun 09 11:49:25 +0000 2018,@CBSNews,0.0,0.0,1.0,0.0,RT @CBSNews: Teen escorted from U.S. by ICE slain soon after in Mexico: Report https://t.co/JWiopRQHMA https://t.co/QDGXtfRMjl,53
152,Sat Jun 09 11:49:20 +0000 2018,@CBSNews,0.0,0.0,1.0,0.0,RT @CBSNews: Teen escorted from U.S. by ICE slain soon after in Mexico: Report https://t.co/JWiopRQHMA https://t.co/QDGXtfRMjl,54
153,Sat Jun 09 11:49:05 +0000 2018,@CBSNews,0.0,0.0,1.0,0.0,@CBSNews Lebrons message was so right...these sports brings people together...not dividing..like the president..,55
154,Sat Jun 09 11:48:53 +0000 2018,@CBSNews,-0.6908,0.0,0.584,0.416,"@jkbrewjr @sdfashionista3 @CBSNews @POTUS Nope, fake Christians are also embarrassing.",56
155,Sat Jun 09 11:48:52 +0000 2018,@CBSNews,-0.6486,0.0,0.411,0.589,@CBSNews Republicans are murderers.,57
156,Sat Jun 09 11:48:40 +0000 2018,@CBSNews,0.0,0.0,1.0,0.0,RT @CBSNews: Teen escorted from U.S. by ICE slain soon after in Mexico: Report https://t.co/JWiopRQHMA https://t.co/QDGXtfRMjl,58
157,Sat Jun 09 11:48:28 +0000 2018,@CBSNews,-0.5574,0.0,0.825,0.175,@CBSNews clickbait even with your condescending headline @POTUS still will put America FIRST while you shitheads ar‚Ä¶ https://t.co/19cQWIEKKW,59
158,Sat Jun 09 11:48:24 +0000 2018,@CBSNews,-0.4939,0.0,0.652,0.348,@CBSNews The Trump haters are going down,60
159,Sat Jun 09 11:48:20 +0000 2018,@CBSNews,-0.5563,0.0,0.817,0.183,@EdanClay We need to hear more outrage  from  @TheDemocrats @HouseDemocrats @SenateDems and media. @CNN @MSNBC @ABC‚Ä¶ https://t.co/OhnGGkQTDZ,61
160,Sat Jun 09 11:48:14 +0000 2018,@CBSNews,0.0,0.0,1.0,0.0,RT @CBSNews: Teen escorted from U.S. by ICE slain soon after in Mexico: Report https://t.co/JWiopRQHMA https://t.co/QDGXtfRMjl,62
161,Sat Jun 09 11:48:11 +0000 2018,@CBSNews,0.0,0.0,1.0,0.0,@InsafPK @PTIofficial @ImranKhanPTI @OfficialDGISPR @realDonaldTrump @JustinTrudeau @P_Musharraf @theresa_may‚Ä¶ https://t.co/tNppD3fw4d,63
162,Sat Jun 09 11:47:46 +0000 2018,@CBSNews,-0.204,0.095,0.773,0.132,@CBSNews Spend more time on yourself and what's really important to you than all of these bloody public announcements,64
163,Sat Jun 09 11:47:45 +0000 2018,@CBSNews,0.0,0.0,1.0,0.0,Come on @MSNBC @CNN @ABC @NBCNews @CBSNews let's look into this. https://t.co/7KfOloE6Mq,65
164,Sat Jun 09 11:47:19 +0000 2018,@CBSNews,-0.8475,0.0,0.71,0.29,@CBSNews Anthony had a real tuff job! Eating all over the world. It is sad he killed himself! I think it was selfis‚Ä¶ https://t.co/e1T6kvpllK,66
165,Sat Jun 09 11:47:01 +0000 2018,@CBSNews,-0.7096,0.0,0.704,0.296,RT @CBSNews: High school valedictorian says mic was cut before speaking about sex assault https://t.co/VHy6P86iZW https://t.co/vr3OZuZ8NN,67
166,Sat Jun 09 11:46:57 +0000 2018,@CBSNews,0.6408,0.207,0.793,0.0,"@CBSNews There has got to be a better way... look, Take that 38 BILLION and instead of FIGHTER JETS - buy some LAND‚Ä¶ https://t.co/NW2NEZex3Y",68
167,Sat Jun 09 11:46:53 +0000 2018,@CBSNews,0.449,0.233,0.767,0.0,Too much focus on silly protocol and not enough substance! Shame on ‚Å¶@CBSNews‚Å©  üëéüèªüá∫üá∏ https://t.co/8V8Uf8sGgL,69
168,Sat Jun 09 11:46:47 +0000 2018,@CBSNews,-0.8948,0.0,0.638,0.362,"RT @RosieR1949: @CNN
@MSNBC 
@ABC 
@NBCNews 
@CBSNews 
What‚Äôs wrong with MSM troglodytes? You‚Äôre so full of hate &amp; anger over President Tru‚Ä¶",70
169,Sat Jun 09 11:46:45 +0000 2018,@CBSNews,0.5007,0.188,0.812,0.0,@CBSNews why is outside money allowed to come in for campaign support from George soros???,71
170,Sat Jun 09 11:46:42 +0000 2018,@CBSNews,-0.6597,0.0,0.766,0.234,RT @CBSNews: A woman who was out walking her dogs is missing after an alligator reportedly attacked her and dragged her into a pond in Flor‚Ä¶,72
171,Sat Jun 09 11:46:07 +0000 2018,@CBSNews,0.0,0.0,1.0,0.0,@InsafPK @PTIofficial @ImranKhanPTI @OfficialDGISPR @realDonaldTrump @JustinTrudeau @P_Musharraf @theresa_may‚Ä¶ https://t.co/GsVjDLR1As,73
172,Sat Jun 09 11:46:03 +0000 2018,@CBSNews,0.555,0.275,0.591,0.134,@CBSNews They don‚Äôt care ! None of us care to be in the same room as you loser ! @realDonaldTrump,74
173,Sat Jun 09 11:45:40 +0000 2018,@CBSNews,-0.4215,0.103,0.725,0.172,RT @CBSNews: An American special forces soldier was killed and four other servicemen were wounded during a multiple-day operation to root o‚Ä¶,75
174,Sat Jun 09 11:45:14 +0000 2018,@CBSNews,-0.6523,0.0,0.48,0.52,@eenglishlearn @CBSNews NASTY REPUBLICAN $lut.,76
175,Sat Jun 09 11:45:10 +0000 2018,@CBSNews,0.0,0.0,1.0,0.0,@CBSNews Don‚Äôt think they would have gone there.,77
176,Sat Jun 09 11:45:07 +0000 2018,@CBSNews,-0.351,0.086,0.712,0.202,"RT @CBSNews: Federal judge rules Trump administration cannot cut off grants to Philadelphia over ""sanctuary city"" fight: https://t.co/5PIUf‚Ä¶",78
177,Sat Jun 09 11:45:04 +0000 2018,@CBSNews,0.0,0.0,1.0,0.0,#Opioids can often take a toll on the entire family. Read about the experiences of grandparents who step in to care‚Ä¶ https://t.co/cAtGjskcc0,79
178,Sat Jun 09 11:44:45 +0000 2018,@CBSNews,-0.6597,0.0,0.766,0.234,RT @CBSNews: A woman who was out walking her dogs is missing after an alligator reportedly attacked her and dragged her into a pond in Flor‚Ä¶,80
179,Sat Jun 09 11:44:18 +0000 2018,@CBSNews,0.6908,0.305,0.695,0.0,"@CBSNews The ones who were promised 100,000 $ to take down the border? Asking for a friend",81
180,Sat Jun 09 11:44:17 +0000 2018,@CBSNews,0.0,0.0,1.0,0.0,RT @Gaurav98716016: @Praveendas786 @mlkhattar @BBCBreaking @CBSNews @BBCNews @ndtv @ABC @ABCPolitics @rashtrapatibhvn @PMOIndia @ABSCBNNews‚Ä¶,82
181,Sat Jun 09 11:44:12 +0000 2018,@CBSNews,0.0,0.0,1.0,0.0,@MarkRichardWeis @CBSNews Hahahaha hahahaha hahahaha hahahaha.. To early in the morning...,83
182,Sat Jun 09 11:43:55 +0000 2018,@CBSNews,-0.5267,0.0,0.839,0.161,RT @melissa5215: @morningmika obviously you must have porn on the mind to accuse our @POTUS of being upset he can‚Äôt watch porn in the White‚Ä¶,84
183,Sat Jun 09 11:43:49 +0000 2018,@CBSNews,0.0,0.0,1.0,0.0,RT @archanasen7: @Praveendas786 @mlkhattar @BBCBreaking @CBSNews @BBCNews @ndtv @ABC @ABCPolitics @rashtrapatibhvn @PMOIndia @ABSCBNNewsSpo‚Ä¶,85
184,Sat Jun 09 11:43:38 +0000 2018,@CBSNews,0.0,0.0,1.0,0.0,RT @AbhayYa8543: @Praveendas786 @mlkhattar @BBCBreaking @CBSNews @BBCNews @ndtv @ABC @ABCPolitics @rashtrapatibhvn @PMOIndia @ABSCBNNewsSpo‚Ä¶,86
185,Sat Jun 09 11:43:12 +0000 2018,@CBSNews,0.0,0.0,1.0,0.0,"RT @CBSNews: With one last look at the crowd, Marmalade the harbor seal dived back into the waves off the coast of Ocean City, Maryland, af‚Ä¶",87
186,Sat Jun 09 11:43:08 +0000 2018,@CBSNews,-0.357,0.0,0.784,0.216,@CBSNews i dont think Trump cares about the G7 only the G 1,88
187,Sat Jun 09 11:43:02 +0000 2018,@CBSNews,0.0,0.0,1.0,0.0,@CBSNews Is he Republican?,89
188,Sat Jun 09 11:42:53 +0000 2018,@CBSNews,0.1273,0.128,0.723,0.149,"@CBSNews üôÅ Very sorry to hear this. While I may not always agree with everything in his column, I still always enjoy reading it.",90
189,Sat Jun 09 11:42:53 +0000 2018,@CBSNews,0.0,0.0,1.0,0.0,RT @CBSNews: Fox News' Charles Krauthammer says he has weeks to live https://t.co/4HPbRwLsAc https://t.co/wz1UiswLri,91
190,Sat Jun 09 11:42:42 +0000 2018,@CBSNews,-0.8948,0.0,0.638,0.362,"RT @RosieR1949: @CNN
@MSNBC 
@ABC 
@NBCNews 
@CBSNews 
What‚Äôs wrong with MSM troglodytes? You‚Äôre so full of hate &amp; anger over President Tru‚Ä¶",92
191,Sat Jun 09 11:42:34 +0000 2018,@CBSNews,0.902,0.649,0.351,0.0,@CBSNews What a great honorable man! Going down in honor,93
192,Sat Jun 09 11:42:34 +0000 2018,@CBSNews,0.0,0.0,1.0,0.0,@InsafPK @PTIofficial @ImranKhanPTI @OfficialDGISPR @realDonaldTrump @JustinTrudeau @P_Musharraf @theresa_may‚Ä¶ https://t.co/sg91ySmnsd,94
193,Sat Jun 09 11:42:18 +0000 2018,@CBSNews,0.5574,0.247,0.753,0.0,"RT @CBSNews: Trump says he may pardon Muhammad Ali, who does not need a pardon https://t.co/CSfrmCESau https://t.co/lEbE35xvkE",95
194,Sat Jun 09 11:52:55 +0000 2018,@CNN,-0.34,0.0,0.897,0.103,"@CNN @CNNOpinion You know Rudy said Trump could Shoot James Comey an get away with it , if someone said that about‚Ä¶ https://t.co/PUyM9tamPB",1
195,Sat Jun 09 11:52:53 +0000 2018,@CNN,0.0,0.0,1.0,0.0,"RT @CNN: Manuel Antonio Cano Pacheco grew up in Iowa. He was sent back to Mexico because of misdemeanor convictions, ICE says.

Three weeks‚Ä¶",2
196,Sat Jun 09 11:52:51 +0000 2018,@CNN,-0.5994,0.0,0.865,0.135,RT @CNN: Construction workers in the UK have found wads of cash dating back to World War II at a shop that once belonged to a tailor belove‚Ä¶,3
197,Sat Jun 09 11:52:49 +0000 2018,@CNN,0.3612,0.098,0.902,0.0,"RT @CNN: Will we ever fly like the Jetsons? This company just unveiled its first commercial flying car, Flyer ‚Äî and @RachCrane took it for‚Ä¶",4
198,Sat Jun 09 11:52:48 +0000 2018,@CNN,-0.1779,0.0,0.909,0.091,"RT @NRAVikki: Media Blame Trump for Puerto Rico Hurricane Deaths, but Facts Tell a Different Story #PuertoRico #PuertoRicoStrong #FactsMatt‚Ä¶",5
199,Sat Jun 09 11:52:47 +0000 2018,@CNN,0.0,0.0,1.0,0.0,RT @jimdonohue13: @CNN Infantile Marxist media!,6
200,Sat Jun 09 11:52:46 +0000 2018,@CNN,0.4019,0.184,0.816,0.0,@CNN Where was the one with Hussein dressed up in a Heavens Gate outfit?,7
201,Sat Jun 09 11:52:45 +0000 2018,@CNN,-0.0516,0.0,0.93,0.07,@MacVickis @CNN @marclamonthill You dragged the Holocaust into the conversation. Palestinians are not part of Israe‚Ä¶ https://t.co/Cr0TqYAbzk,8
202,Sat Jun 09 11:52:45 +0000 2018,@CNN,0.5574,0.375,0.625,0.0,@CNN And CNN believes these people? Hahaha.,9
203,Sat Jun 09 11:52:43 +0000 2018,@CNN,0.0,0.0,1.0,0.0,"RT @CNN: Manuel Antonio Cano Pacheco grew up in Iowa. He was sent back to Mexico because of misdemeanor convictions, ICE says.

Three weeks‚Ä¶",10
204,Sat Jun 09 11:52:41 +0000 2018,@CNN,0.3818,0.141,0.859,0.0,RT @signsforchange: Tune in to @AC360 on @CNN tonight at 8ET/ 5PT for an urgent conversation about mental health and reaching out to those‚Ä¶,11
205,Sat Jun 09 11:52:39 +0000 2018,@CNN,0.0,0.0,1.0,0.0,@CNN She is so full of herself,12
206,Sat Jun 09 11:52:39 +0000 2018,@CNN,-0.5994,0.0,0.865,0.135,RT @CNN: Construction workers in the UK have found wads of cash dating back to World War II at a shop that once belonged to a tailor belove‚Ä¶,13
207,Sat Jun 09 11:52:35 +0000 2018,@CNN,0.0,0.0,1.0,0.0,Oprah's ex-chef: Bourdain was Einstein of chefs @CNN https://t.co/ceHf4em26j,14
208,Sat Jun 09 11:52:34 +0000 2018,@CNN,-0.8573,0.0,0.426,0.574,"@HenslerKate @CNN No, but regrettably your stupidity seems to be.",15
209,Sat Jun 09 11:52:32 +0000 2018,@CNN,0.7506,0.33,0.67,0.0,@g7 @realDonaldTrump @ScottPruittOK @jeffsessions @GOP @CTmagazine @thehill Pray for America and The Great Alliance‚Ä¶ https://t.co/25OyKdXans,16
210,Sat Jun 09 11:52:31 +0000 2018,@CNN,-0.296,0.0,0.905,0.095,"can we all decide to tag @CNN @BBC whenever the issue of SARS arises? 
Because @channelstv and @NTANewsNow no one d‚Ä¶ https://t.co/PQ48PmR1OQ",17
211,Sat Jun 09 11:52:30 +0000 2018,@CNN,0.0,0.0,1.0,0.0,@CNN Gee I wonder if they were euros,18
212,Sat Jun 09 11:52:29 +0000 2018,@CNN,-0.0772,0.0,0.947,0.053,RT @CNN: President Trump and Canadian PM Justin Trudeau had a testy phone call on May 25 over new tariffs imposed by the Trump administrati‚Ä¶,19
213,Sat Jun 09 11:52:27 +0000 2018,@CNN,-0.5994,0.0,0.865,0.135,RT @CNN: Construction workers in the UK have found wads of cash dating back to World War II at a shop that once belonged to a tailor belove‚Ä¶,20
214,Sat Jun 09 11:52:25 +0000 2018,@CNN,-0.8271,0.073,0.623,0.304,"RT @CNN: BREAKING: Anthony Bourdain of CNN‚Äôs ‚ÄúParts Unknown‚Äù is dead. The chef, storyteller and Emmy-winning host has committed suicide at‚Ä¶",21
215,Sat Jun 09 11:52:24 +0000 2018,@CNN,-0.5994,0.0,0.865,0.135,RT @CNN: Construction workers in the UK have found wads of cash dating back to World War II at a shop that once belonged to a tailor belove‚Ä¶,22
216,Sat Jun 09 11:52:20 +0000 2018,@CNN,-0.765,0.0,0.703,0.297,"RT @CNN: Charles Krauthammer, the famed conservative columnist, informed readers that he is confronting an aggressive form of cancer and ha‚Ä¶",23
217,Sat Jun 09 11:52:20 +0000 2018,@CNN,0.0,0.0,1.0,0.0,RT @CNN: This surveillance camera footage from last weekend shows a tiny asteroid that NASA says disintegrated over southern Africa https:/‚Ä¶,24
218,Sat Jun 09 11:52:19 +0000 2018,@CNN,-0.6705,0.0,0.862,0.138,"RT @Naijadailyfeed: If you see SARS run for your life, this guy was just Killed by SARS in Ojota. He was accosted by SARS as soon as he dro‚Ä¶",25
219,Sat Jun 09 11:52:18 +0000 2018,@CNN,0.7378,0.332,0.531,0.137,RT @President1Trump: AMAZING @CNN Does a positive piece of news on @POTUS: 11-year-old cancer survivor Katy was with @POTUS when he signed‚Ä¶,26
220,Sat Jun 09 11:52:17 +0000 2018,@CNN,0.0,0.0,1.0,0.0,RT @Lagonda_Blogger: @wimbongers @Yapo_el_guapo @GBlonet @The_RealTristan @remco1012 @kr4ydnb @buzztruus @momusadept @GadflyMorse @Grijze_D‚Ä¶,27
221,Sat Jun 09 11:52:15 +0000 2018,@CNN,0.0,0.0,1.0,0.0,RT @thebradfordfile: RETWEET if you have not watched one single hour of @CNN in 2018.,28
222,Sat Jun 09 11:52:13 +0000 2018,@CNN,0.9294,0.447,0.553,0.0,RT @ivana_columbo: Kudos to @cnn for putting together the Anthony Bourdain memorial show in a day. Wow. So thoughtful and heartfelt. Thank‚Ä¶,29
223,Sat Jun 09 11:52:10 +0000 2018,@CNN,0.0,0.0,1.0,0.0,"@scapelliti @MSNBC @CNN @washingtonpost @FoxNews They didn't report and wouldn't, because they're owned by those in‚Ä¶ https://t.co/KeVsjDyGki",30
224,Sat Jun 09 11:52:07 +0000 2018,@CNN,0.0,0.0,1.0,0.0,"RT @CheriJacobus: and ON THAT DAY the ""catfishing"" of me began.  later when I brought up the superPAC on @CNN Trump defamed me on twitter a‚Ä¶",31
225,Sat Jun 09 11:52:07 +0000 2018,@CNN,-0.4588,0.0,0.87,0.13,"RT @CNN: Organizers of a fashion show in Saudi Arabia used drones to display female clothes, drawing ridicule on social media https://t.co/‚Ä¶",32
226,Sat Jun 09 11:52:06 +0000 2018,@CNN,-0.5994,0.0,0.865,0.135,RT @CNN: Construction workers in the UK have found wads of cash dating back to World War II at a shop that once belonged to a tailor belove‚Ä¶,33
227,Sat Jun 09 11:52:05 +0000 2018,@CNN,0.6696,0.257,0.743,0.0,"RT @Persian_FDN: #FoodLover #AnthonyBourdin lovingly eating #NoonSangak in #Tehran, #IRAN! #RIP https://t.co/QdBsK9v4L0 via @tarakangarlou‚Ä¶",34
228,Sat Jun 09 11:52:03 +0000 2018,@CNN,-0.296,0.116,0.728,0.156,"Rest In Peace Anthony Bourdain.   @cnn my brother took his life 1 year ago today.  He was an alcoholic.   Legalize weed, it doesn‚Äôt kill us.",35
229,Sat Jun 09 11:52:02 +0000 2018,@CNN,0.0,0.0,1.0,0.0,@CNN OMG! Looks looks washing drying in the wind.,36
230,Sat Jun 09 11:52:02 +0000 2018,@CNN,0.0,0.0,1.0,0.0,@Justice37002634 @CNNTonight @CNN @donlemon So that goes for Avenatti too?,37
231,Sat Jun 09 11:51:55 +0000 2018,@CNN,0.4648,0.168,0.832,0.0,@thinkprogress Suggestion for .@ChrisCuomo @CuomoPrimeTime or other @CNN shows: PLEASE cover the climate change iss‚Ä¶ https://t.co/uTO5xvCJbd,38
232,Sat Jun 09 11:51:54 +0000 2018,@CNN,-0.4404,0.0,0.884,0.116,"RT @SH61970: Democrats' IT scandal set to explode with possible plea deal.

Meanwhile we are STILL waiting on ""journalists"" in MSM to even‚Ä¶",39
233,Sat Jun 09 11:51:49 +0000 2018,@CNN,-0.34,0.327,0.204,0.469,@TheRickCedillo @CNN Enjoy hell,40
234,Sat Jun 09 11:51:49 +0000 2018,@CNN,0.0,0.0,1.0,0.0,RT @CNN: Anthony Bourdain's life in pictures https://t.co/76sjWPlMRR https://t.co/MtFAqaoDvC,41
235,Sat Jun 09 11:51:44 +0000 2018,@CNN,0.0,0.0,1.0,0.0,You think that would have been a wake-up call for @cnn @msnbc @FoxNews. https://t.co/psRvAwxJEB,42
236,Sat Jun 09 11:51:43 +0000 2018,@CNN,-0.1779,0.0,0.909,0.091,"RT @NRAVikki: Media Blame Trump for Puerto Rico Hurricane Deaths, but Facts Tell a Different Story #PuertoRico #PuertoRicoStrong #FactsMatt‚Ä¶",43
237,Sat Jun 09 11:51:42 +0000 2018,@CNN,0.3612,0.098,0.902,0.0,"RT @CNN: Will we ever fly like the Jetsons? This company just unveiled its first commercial flying car, Flyer ‚Äî and @RachCrane took it for‚Ä¶",44
238,Sat Jun 09 11:51:42 +0000 2018,@CNN,0.765,0.291,0.581,0.128,RT @CNN: The race to save the Great Barrier Reef? A coral fertility treatment designed to help damaged parts of the reef is showing signs o‚Ä¶,45
239,Sat Jun 09 11:51:40 +0000 2018,@CNN,0.4215,0.412,0.588,0.0,@GeorgeAl12 @CNN Nice try bot...,46
240,Sat Jun 09 11:51:38 +0000 2018,@CNN,0.3612,0.098,0.902,0.0,"RT @CNN: Will we ever fly like the Jetsons? This company just unveiled its first commercial flying car, Flyer ‚Äî and @RachCrane took it for‚Ä¶",47
241,Sat Jun 09 11:51:38 +0000 2018,@CNN,0.3612,0.098,0.902,0.0,"RT @CNN: Will we ever fly like the Jetsons? This company just unveiled its first commercial flying car, Flyer ‚Äî and @RachCrane took it for‚Ä¶",48
242,Sat Jun 09 11:51:37 +0000 2018,@CNN,-0.5256,0.0,0.371,0.629,@CNN So sad.,49
243,Sat Jun 09 11:51:34 +0000 2018,@CNN,0.0,0.0,1.0,0.0,@wimbongers @Yapo_el_guapo @GBlonet @The_RealTristan @remco1012 @kr4ydnb @buzztruus @momusadept @GadflyMorse‚Ä¶ https://t.co/Vt9NJMiWMK,50
244,Sat Jun 09 11:51:33 +0000 2018,@CNN,0.0,0.0,1.0,0.0,@CNN https://t.co/4ksAhLR35M,51
245,Sat Jun 09 11:51:32 +0000 2018,@CNN,-0.296,0.0,0.885,0.115,"@Tsubasa07884713 @CNN The Gaza border is a real thing,Maybe Hamas should stop using children as cannon fodder. Mayb‚Ä¶ https://t.co/NFlROYnjdg",52
246,Sat Jun 09 11:51:32 +0000 2018,@CNN,-0.6908,0.0,0.802,0.198,"@CNN Since when are those who try to break into a soveign country and murder citizens ""protesters""?  Using this ter‚Ä¶ https://t.co/u3bs0HGR1g",53
247,Sat Jun 09 11:51:31 +0000 2018,@CNN,0.0,0.0,1.0,0.0,"RT @CNN: Manuel Antonio Cano Pacheco grew up in Iowa. He was sent back to Mexico because of misdemeanor convictions, ICE says.

Three weeks‚Ä¶",54
248,Sat Jun 09 11:51:28 +0000 2018,@CNN,0.0,0.0,1.0,0.0,Cooper pays tribute to Anthony Bourdain @CNN https://t.co/5zYpvVoiFc,55
249,Sat Jun 09 11:51:25 +0000 2018,@CNN,0.3612,0.098,0.902,0.0,"RT @CNN: Will we ever fly like the Jetsons? This company just unveiled its first commercial flying car, Flyer ‚Äî and @RachCrane took it for‚Ä¶",56
250,Sat Jun 09 11:51:25 +0000 2018,@CNN,-0.8011,0.0,0.644,0.356,"@R_Love317 @DaffyLilly @CNN pain ""killers"" is right..kills you and the pain at the same time!!",57
251,Sat Jun 09 11:51:24 +0000 2018,@CNN,-0.6249,0.0,0.758,0.242,@CNN @CillizzaCNN Shocking isn‚Äôt it?  All the talking heads thought the first election was just some wild mistake.,58
252,Sat Jun 09 11:51:19 +0000 2018,@CNN,0.4939,0.24,0.667,0.093,@CNN We got rich selling our customers to criminals... blah... blah... blah,59
253,Sat Jun 09 11:51:17 +0000 2018,@CNN,0.6908,0.263,0.656,0.081,RT @Sifill_LDF: .@NAACP_LDF successfully represented Mr. Ali in the Supreme Court and his conviction was reversed and all charges dismissed‚Ä¶,60
254,Sat Jun 09 11:51:16 +0000 2018,@CNN,0.0,0.0,1.0,0.0,RT @thebradfordfile: RETWEET if you have not watched one single hour of @CNN in 2018.,61
255,Sat Jun 09 11:51:15 +0000 2018,@CNN,0.0,0.0,1.0,0.0,@CNN #EndSars in Nigeria,62
256,Sat Jun 09 11:51:15 +0000 2018,@CNN,0.628,0.178,0.822,0.0,RT @iSquaredAct: Where is the coverage on this HUGE News !! @FoxNews @CNN @ABC @politico @seattletimes @nytimes @business @thehill @NBCNews‚Ä¶,63
257,Sat Jun 09 11:51:14 +0000 2018,@CNN,0.3612,0.098,0.902,0.0,"RT @CNN: Will we ever fly like the Jetsons? This company just unveiled its first commercial flying car, Flyer ‚Äî and @RachCrane took it for‚Ä¶",64
258,Sat Jun 09 11:51:13 +0000 2018,@CNN,-0.7096,0.0,0.772,0.228,"RT @Naijadailyfeed: This is the new way SARS (Special anti robbery squad) rob Nigerians. We need assistance
#EndSARS @AJStream @CNN @BBC @A‚Ä¶",65
259,Sat Jun 09 11:51:11 +0000 2018,@CNN,-0.6597,0.0,0.405,0.595,@CNN Trump murdered him.,66
260,Sat Jun 09 11:51:11 +0000 2018,@CNN,0.4019,0.119,0.881,0.0,"RT @Naijadailyfeed: SARS recently disrupted Jaywon's birthday party, beat up a presenter from planet TV with blood all over his face. After‚Ä¶",67
261,Sat Jun 09 11:51:11 +0000 2018,@CNN,0.6783,0.261,0.654,0.085,"RT @Jim_Jordan: @CNN @POTUS Compare this success to Congress. Other than tax cuts, what has Congress done that is worthwhile?",68
262,Sat Jun 09 11:51:10 +0000 2018,@CNN,0.0,0.0,1.0,0.0,"@BreitbartNews @FoxNews @WSJ @CNN @Harlan @charliekirk11 
Mentally deranged ""script reader"" DeNiro: a person of ext‚Ä¶ https://t.co/4psEWj86Ov",69
263,Sat Jun 09 11:51:10 +0000 2018,@CNN,0.4215,0.286,0.714,0.0,@CNN Maybe it's not ment to be saved,70
264,Sat Jun 09 11:51:06 +0000 2018,@CNN,0.0,0.0,1.0,0.0,"RT @CNN: Steamboat Geyser in Yellowstone National Park is erupting unusually often. One June 4, the geyser had its eighth eruption this yea‚Ä¶",71
265,Sat Jun 09 11:51:06 +0000 2018,@CNN,0.4738,0.123,0.877,0.0,@CNN That's because she has been bird watching and knows this birdy is ready to sing!!  Now what about Google and C‚Ä¶ https://t.co/v6zgiOO7M9,72
266,Sat Jun 09 11:51:04 +0000 2018,@CNN,0.7378,0.332,0.531,0.137,RT @President1Trump: AMAZING @CNN Does a positive piece of news on @POTUS: 11-year-old cancer survivor Katy was with @POTUS when he signed‚Ä¶,73
267,Sat Jun 09 11:51:02 +0000 2018,@CNN,0.0,0.0,1.0,0.0,@tracybeanz @barkmartin @MSNBC @CNN @ABC @NBCNews @CBSNews @kylegriffin1  @PoliticusSarah @NancyPelosi‚Ä¶ https://t.co/QPJrtv0E2s,74
268,Sat Jun 09 11:51:00 +0000 2018,@CNN,-0.68,0.0,0.787,0.213,"MSNBC's Nicolle Wallace slammed for asking if Melania, Ivanka are 'dead inside' or 'paid off' @NicolleDWallace
WOW!‚Ä¶ https://t.co/ldxqxmYeXP",75
269,Sat Jun 09 11:51:00 +0000 2018,@CNN,0.0,0.0,1.0,0.0,@CNN DeadüòÇüòÇüòÇ,76
270,Sat Jun 09 11:50:58 +0000 2018,@CNN,0.3612,0.098,0.902,0.0,"RT @CNN: Will we ever fly like the Jetsons? This company just unveiled its first commercial flying car, Flyer ‚Äî and @RachCrane took it for‚Ä¶",77
271,Sat Jun 09 11:50:58 +0000 2018,@CNN,0.6369,0.206,0.794,0.0,"RT @Jim_Jordan: @CNN @POTUS President Trump is keeping his promises. Congress isn‚Äôt. 

Congress needs to keep the promises that we made to‚Ä¶",78
272,Sat Jun 09 11:50:55 +0000 2018,@CNN,-0.8316,0.0,0.278,0.722,@CNN All die na die,79
273,Sat Jun 09 11:50:51 +0000 2018,@CNN,0.0,0.0,1.0,0.0,@ZITIST1 @g7 @nytimes @washingtonpost @CNN @MSNBC He went to the G7 to pitch for Russia not the US,80
274,Sat Jun 09 11:50:51 +0000 2018,@CNN,0.0,0.0,1.0,0.0,"RT @thekoukoureport: I cannot understand how public gets to view ‚ÄúPRO QUO‚Äù from @realdonaldtrump everyday. 
And we publically know that Put‚Ä¶",81
275,Sat Jun 09 11:50:48 +0000 2018,@CNN,-0.3612,0.0,0.878,0.122,@CNN @facebook this was nothing more than a publicity stunt. Sand berg could careless just as Zuckerberg does. They‚Ä¶ https://t.co/d8HBlwGDDO,82
276,Sat Jun 09 11:50:48 +0000 2018,@CNN,-0.6249,0.0,0.837,0.163,"RT @CNN: Dean Blanchard's home in coastal Louisiana bayou country is in crisis.

According to the US Geological Survey, more than a footbal‚Ä¶",83
277,Sat Jun 09 11:50:47 +0000 2018,@CNN,-0.765,0.0,0.703,0.297,"RT @CNN: Charles Krauthammer, the famed conservative columnist, informed readers that he is confronting an aggressive form of cancer and ha‚Ä¶",84
278,Sat Jun 09 11:50:45 +0000 2018,@CNN,-0.3612,0.0,0.894,0.106,"RT @CNN: During her commencement address to the MIT Class of 2018, Facebook COO Sheryl Sandberg spoke candidly about Facebook's mistakes an‚Ä¶",85
279,Sat Jun 09 11:50:44 +0000 2018,@CNN,-0.1695,0.0,0.93,0.07,"@CNN So with all that money they still couldn't hire proper models? Or is it because they don't see worth in women,‚Ä¶ https://t.co/f8N3knuKtM",86
280,Sat Jun 09 11:50:41 +0000 2018,@CNN,-0.5719,0.099,0.644,0.258,@CNN pro #trump propaganda in full swingüëáüèΩ. #Ali doesn‚Äôt need a pardon from misogynistic racist #trump or any‚Ä¶ https://t.co/N4VlepI73g,87
281,Sat Jun 09 11:50:40 +0000 2018,@CNN,0.0,0.0,1.0,0.0,RT @CNN: Watch these homes being built using a 3D printer https://t.co/igaBP4k4F8 https://t.co/cpQ97vRD2k,88
282,Sat Jun 09 11:50:39 +0000 2018,@CNN,0.0,0.0,1.0,0.0,@Yapo_el_guapo @GBlonet @The_RealTristan @Lagonda_Blogger @remco1012 @kr4ydnb @buzztruus @momusadept @GadflyMorse‚Ä¶ https://t.co/8EuZyOMp5h,89
283,Sat Jun 09 11:50:38 +0000 2018,@CNN,0.5584,0.213,0.694,0.093,"RT @IWillRedPillU: It seems VERY strange many of these cases are HUGE news, even the Department of Justice reports on their website that a‚Ä¶",90
284,Sat Jun 09 11:50:38 +0000 2018,@CNN,0.0,0.0,1.0,0.0,RT @petefrt: Climate Change Has Run Its Course: Its descent into social-justice identity politics is the last gasp of a cause that has lost‚Ä¶,91
285,Sat Jun 09 11:50:37 +0000 2018,@CNN,0.3612,0.098,0.902,0.0,"RT @CNN: Will we ever fly like the Jetsons? This company just unveiled its first commercial flying car, Flyer ‚Äî and @RachCrane took it for‚Ä¶",92
286,Sat Jun 09 11:50:37 +0000 2018,@CNN,-0.6705,0.0,0.862,0.138,"RT @Naijadailyfeed: If you see SARS run for your life, this guy was just Killed by SARS in Ojota. He was accosted by SARS as soon as he dro‚Ä¶",93
287,Sat Jun 09 11:50:36 +0000 2018,@CNN,0.0,0.0,1.0,0.0,RT @CNN: Time cover gets Trump just right | By Michael D'Antonio via @CNNOpinion https://t.co/3Na14xHBeg https://t.co/MtWRm0tvV9,94
288,Sat Jun 09 11:50:33 +0000 2018,@CNN,-0.8519,0.0,0.696,0.304,@Tedshittypants @MSNBC @CNN @Anc @CBS Killing NAFTA won't bring those jobs or manufacturing back. And without it our economy will die.,95
289,Sat Jun 09 11:50:33 +0000 2018,@CNN,0.0,0.0,1.0,0.0,"RT @CNN: Manuel Antonio Cano Pacheco grew up in Iowa. He was sent back to Mexico because of misdemeanor convictions, ICE says.

Three weeks‚Ä¶",96
290,Sat Jun 09 11:50:30 +0000 2018,@CNN,0.0,0.0,1.0,0.0,"RT @Nino95920078: @CNN 
BIO STEAM BEATS BIG OIL

See how on YOU TUBE TITLED
Tectane custom 2 English
Aquahol French https://t.co/TS7jK2XmZJ",97
291,Sat Jun 09 11:50:28 +0000 2018,@CNN,0.0,0.0,1.0,0.0,"RT @CNN: Steamboat Geyser in Yellowstone National Park is erupting unusually often. One June 4, the geyser had its eighth eruption this yea‚Ä¶",98
292,Sat Jun 09 11:50:26 +0000 2018,@CNN,-0.3612,0.0,0.894,0.106,"RT @CNN: During her commencement address to the MIT Class of 2018, Facebook COO Sheryl Sandberg spoke candidly about Facebook's mistakes an‚Ä¶",99
293,Sat Jun 09 11:52:57 +0000 2018,@FoxNews,-0.4588,0.0,0.842,0.158,RT @FoxNews: Fox News analyst Charles Krauthammer reveals he has weeks to live in heartbreaking letter https://t.co/dzYQOewGoj,1
294,Sat Jun 09 11:52:57 +0000 2018,@FoxNews,-0.5413,0.0,0.857,0.143,RT @FoxNews: .@replouiegohmert: ‚ÄúRobert Mueller has done more damage during his 12 years as FBI director than‚Ä¶ probably all the directors p‚Ä¶,2
295,Sat Jun 09 11:52:57 +0000 2018,@FoxNews,0.4404,0.182,0.818,0.0,@FoxNews @replouiegohmert Many thanks to the FBI for doing their job. We need you,3
296,Sat Jun 09 11:52:57 +0000 2018,@FoxNews,0.0,0.0,1.0,0.0,RT @FoxNews: .@VP Visits Wounded Warriors at Walter Reed https://t.co/UuoncnuocZ,4
297,Sat Jun 09 11:52:57 +0000 2018,@FoxNews,0.296,0.167,0.833,0.0,RT @FoxNews: Presidential pardons after 18 months in office. @TeamCavuto https://t.co/H3lr2joOJv https://t.co/HGRoh0rG3N,5
298,Sat Jun 09 11:52:56 +0000 2018,@FoxNews,0.0,0.0,1.0,0.0,RT @FoxNews: OPINION: Justify is the story at the Belmont Stakes https://t.co/rcnWgqUsO6 https://t.co/6MfsXbbpRD,6
299,Sat Jun 09 11:52:54 +0000 2018,@FoxNews,0.7494,0.225,0.775,0.0,@FoxNews Our good hearted Classy president! Now we know that any body who says Trash about our Patriot President is out of his Mind!,7
300,Sat Jun 09 11:52:53 +0000 2018,@FoxNews,0.0,0.0,1.0,0.0,"RT @FoxNews: .@POTUS ahead of G7 summit: ""We have massive trade deficits with almost every country. We will straighten that out."" @Ingraham‚Ä¶",8
301,Sat Jun 09 11:52:53 +0000 2018,@FoxNews,0.4767,0.255,0.745,0.0,RT @FoxNews: Trump signals willingness to back bill easing pot regulation: report https://t.co/YZoqqqG7d8 https://t.co/lUkmgWVg9G,9
302,Sat Jun 09 11:52:51 +0000 2018,@FoxNews,0.0,0.0,1.0,0.0,"RT @FoxNews: .@chrisprudhome: ""In my eyes, [President @realDonaldTrump is] doing more for minority members of the community than any other‚Ä¶",10
303,Sat Jun 09 11:52:49 +0000 2018,@FoxNews,0.0,0.0,1.0,0.0,"RT @Conservitarians: @FoxNews Marijuana Legalization

It's simply time to decriminalize it across the board. If they choose, people should‚Ä¶",11
304,Sat Jun 09 11:52:49 +0000 2018,@FoxNews,-0.5413,0.0,0.857,0.143,RT @FoxNews: .@replouiegohmert: ‚ÄúRobert Mueller has done more damage during his 12 years as FBI director than‚Ä¶ probably all the directors p‚Ä¶,12
305,Sat Jun 09 11:52:49 +0000 2018,@FoxNews,-0.7332,0.108,0.561,0.331,"The kneeling is all about police brutality!!! Here's  disrespect of flag looks like 
@FoxNews 
@realDonaldTrump‚Ä¶ https://t.co/qFNeFDOOcX",13
306,Sat Jun 09 11:52:47 +0000 2018,@FoxNews,0.0,0.0,1.0,0.0,@FoxNews @replouiegohmert How do these people sleep at night?!,14
307,Sat Jun 09 11:52:45 +0000 2018,@FoxNews,0.0,0.0,1.0,0.0,@djbee28 @FoxNews Or it‚Äôs the right thing to do..,15
308,Sat Jun 09 11:52:45 +0000 2018,@FoxNews,-0.296,0.083,0.777,0.141,"RT @FoxNews: Bid to block Bernie Sanders? DNC adopts rule change, wants only avowed Democrats to run https://t.co/LiVE5LR6q4",16
309,Sat Jun 09 11:52:44 +0000 2018,@FoxNews,0.0,0.0,1.0,0.0,RT @RealOmarNavarro: I‚Äôm officially the candidate going against Maxine Waters in the November 6th election. It‚Äôs time for @FoxNews to give‚Ä¶,17
310,Sat Jun 09 11:52:44 +0000 2018,@FoxNews,0.0,0.0,1.0,0.0,"RT @FoxNews: .@chrisprudhome: ""In my eyes, [President @realDonaldTrump is] doing more for minority members of the community than any other‚Ä¶",18
311,Sat Jun 09 11:52:43 +0000 2018,@FoxNews,0.0,0.0,1.0,0.0,RT @FoxNews: State trooper pulls over retired cop who delivered him 27 years ago https://t.co/fK1w5ghVoG,19
312,Sat Jun 09 11:52:42 +0000 2018,@FoxNews,0.0,0.0,1.0,0.0,RT @FoxNews: .@VP Visits Wounded Warriors at Walter Reed https://t.co/UuoncnuocZ,20
313,Sat Jun 09 11:52:40 +0000 2018,@FoxNews,0.4767,0.255,0.745,0.0,RT @FoxNews: Trump signals willingness to back bill easing pot regulation: report https://t.co/YZoqqqG7d8 https://t.co/lUkmgWVg9G,21
314,Sat Jun 09 11:52:40 +0000 2018,@FoxNews,0.0,0.0,1.0,0.0,"@FoxNews Hmmm, what's the cause of the action.",22
315,Sat Jun 09 11:52:39 +0000 2018,@FoxNews,0.0,0.0,1.0,0.0,@FoxNews üòÇüòÇüòÇüôÑüòÇüòÇüòÇ,23
316,Sat Jun 09 11:52:37 +0000 2018,@FoxNews,-0.8522,0.066,0.603,0.33,RT @ravensspirit68: Why is the tragic suicide of Mr. Bourdain any more important than the suicides of Veterans &amp; citizens denied needed med‚Ä¶,24
317,Sat Jun 09 11:52:37 +0000 2018,@FoxNews,-0.5106,0.0,0.732,0.268,@FoxNews @thekatvond Idiot. That‚Äôs all I got to say about that.,25
318,Sat Jun 09 11:52:36 +0000 2018,@FoxNews,0.8908,0.384,0.616,0.0,@are_you__sure @FoxNews I don‚Äôt think that fits the classic definition of hero.  This is more like a feat of notoriety at best,26
319,Sat Jun 09 11:52:36 +0000 2018,@FoxNews,-0.9231,0.0,0.561,0.439,@FoxNews ruined far too many lives over this plant. We can destroy the illegal and dangerous 'drug trade' around ma‚Ä¶ https://t.co/4WRPfbavoF,27
320,Sat Jun 09 11:52:35 +0000 2018,@FoxNews,0.0,0.0,1.0,0.0,"@FoxNews Decriminalize for medical use, at the very least.",28
321,Sat Jun 09 11:52:35 +0000 2018,@FoxNews,0.0,0.0,1.0,0.0,RT @FoxNews: .@VP Visits Wounded Warriors at Walter Reed https://t.co/UuoncnuocZ,29
322,Sat Jun 09 11:52:35 +0000 2018,@FoxNews,0.5882,0.27,0.73,0.0,"RT @usminority: PLZ RT!! 
See full video and join the #WalkAway movement:
https://t.co/Lh1DFF86Sg
#ThursdayThoughts 
#MakeAmericaGreatAgain‚Ä¶",30
323,Sat Jun 09 11:52:35 +0000 2018,@FoxNews,0.0,0.0,1.0,0.0,@FoxNews We could nuke them and the world wouldn't notice.,31
324,Sat Jun 09 11:52:35 +0000 2018,@FoxNews,0.0,0.0,1.0,0.0,"RT @FoxNews: .@chrisprudhome: ""In my eyes, [President @realDonaldTrump is] doing more for minority members of the community than any other‚Ä¶",32
325,Sat Jun 09 11:52:34 +0000 2018,@FoxNews,0.0,0.0,1.0,0.0,@FoxNews @replouiegohmert Mr. Mueller...volunteered forVietnam... Bronze Star ‚≠êÔ∏è for bravery...Purple heart üíú for A‚Ä¶ https://t.co/fMLL9z1mSz,33
326,Sat Jun 09 11:52:34 +0000 2018,@FoxNews,0.0,0.0,1.0,0.0,@FoxNews  https://t.co/P1p1VZh2bR,34
327,Sat Jun 09 11:52:33 +0000 2018,@FoxNews,-0.5413,0.0,0.857,0.143,RT @FoxNews: .@replouiegohmert: ‚ÄúRobert Mueller has done more damage during his 12 years as FBI director than‚Ä¶ probably all the directors p‚Ä¶,35
328,Sat Jun 09 11:52:33 +0000 2018,@FoxNews,0.0,0.0,1.0,0.0,"@FoxNews In other news, Trump and the GOP in Congress are trying to take away coverage for preexisting conditions.‚Ä¶ https://t.co/4MphQm2UhZ",36
329,Sat Jun 09 11:52:32 +0000 2018,@FoxNews,-0.5413,0.0,0.857,0.143,RT @FoxNews: .@replouiegohmert: ‚ÄúRobert Mueller has done more damage during his 12 years as FBI director than‚Ä¶ probably all the directors p‚Ä¶,37
330,Sat Jun 09 11:52:31 +0000 2018,@FoxNews,0.0,0.0,1.0,0.0,@CBSNews @NBCNews @latimes @NBCNews @nytimes @AOL @FoxNews¬† @FOXTV @AP @MSN @washingtonpost @USATODAY¬† @WSJ @nypost‚Ä¶ https://t.co/Ay6o5R4Ulx,38
331,Sat Jun 09 11:52:31 +0000 2018,@FoxNews,0.0,0.0,1.0,0.0,@FoxNews @VP The Fox News Game Plan..starting to unravel https://t.co/m72o8M7olD,39
332,Sat Jun 09 11:52:30 +0000 2018,@FoxNews,-0.826,0.0,0.617,0.383,"@krauthammer has got to fight, fight, fight! C‚Äômon Charles! Don‚Äôt give up! #tcot cc: @FoxNews @newtgingrich‚Ä¶ https://t.co/qj3Z0aHT0R",40
333,Sat Jun 09 11:52:29 +0000 2018,@FoxNews,0.4767,0.255,0.745,0.0,RT @FoxNews: Trump signals willingness to back bill easing pot regulation: report https://t.co/YZoqqqG7d8 https://t.co/lUkmgWVg9G,41
334,Sat Jun 09 11:52:29 +0000 2018,@FoxNews,-0.7579,0.072,0.608,0.319,"RT @FoxNews: When deputies arrested a suspected auto thief Friday, they were surprised to find a tiny accomplice riding with him, according‚Ä¶",42
335,Sat Jun 09 11:52:29 +0000 2018,@FoxNews,0.5023,0.134,0.866,0.0,"RT @IngrahamAngle: Nights on @FoxNews haven‚Äôt been the same without @krauthammer, but we were all expecting him to return. Thank you, Charl‚Ä¶",43
336,Sat Jun 09 11:52:28 +0000 2018,@FoxNews,0.8208,0.308,0.692,0.0,RT @patriciatweeter: @IngrahamAngle @FoxNews @krauthammer @krauthammer you inspire so many people. I am so grateful to have watched you on‚Ä¶,44
337,Sat Jun 09 11:52:28 +0000 2018,@FoxNews,0.0,0.0,1.0,0.0,@FoxNews Do it Mr President!,45
338,Sat Jun 09 11:52:27 +0000 2018,@FoxNews,-0.4939,0.0,0.781,0.219,"RT @FoxNews: Democratic senators accuse Trump of possible leak, call for investigation into jobs report tweet https://t.co/th2LBTdhT4",46
339,Sat Jun 09 11:52:27 +0000 2018,@FoxNews,-0.5106,0.0,0.852,0.148,RT @safeagain1: Former Watergate prosecutor Nick Akerman says @seanhannity from @FoxNews could get 20 years in prison for witness tampering‚Ä¶,47
340,Sat Jun 09 11:52:26 +0000 2018,@FoxNews,-0.5413,0.0,0.857,0.143,RT @FoxNews: .@replouiegohmert: ‚ÄúRobert Mueller has done more damage during his 12 years as FBI director than‚Ä¶ probably all the directors p‚Ä¶,48
341,Sat Jun 09 11:52:26 +0000 2018,@FoxNews,-0.2584,0.0,0.912,0.088,"RT @FoxNews: .@JesseBWatters on immigration debate: ""What we've done for decades is give them amnesty and not secure the border, and that's‚Ä¶",49
342,Sat Jun 09 11:52:26 +0000 2018,@FoxNews,0.552,0.313,0.687,0.0,@FoxNews @VP Did he pause after each sentence so they could applaud?,50
343,Sat Jun 09 11:52:25 +0000 2018,@FoxNews,0.0,0.0,1.0,0.0,"@FoxNews Marijuana Legalization

It's simply time to decriminalize it across the board. If they choose, people shou‚Ä¶ https://t.co/g0TWGO2wyV",51
344,Sat Jun 09 11:52:25 +0000 2018,@FoxNews,-0.6486,0.0,0.815,0.185,"MSNBC's Nicolle Wallace slammed for asking if Melania, Ivanka are 'dead inside' or 'paid off' via the @FoxNews App‚Ä¶ https://t.co/VERARV48Tv",52
345,Sat Jun 09 11:52:25 +0000 2018,@FoxNews,-0.5267,0.0,0.815,0.185,RT @FoxNews: .@MarcThiessen: Obama took lying to new heights with the Iran deal. (via @FoxNewsOpinion) https://t.co/4acHiGr1Qq,53
346,Sat Jun 09 11:52:25 +0000 2018,@FoxNews,-0.5413,0.0,0.857,0.143,RT @FoxNews: .@replouiegohmert: ‚ÄúRobert Mueller has done more damage during his 12 years as FBI director than‚Ä¶ probably all the directors p‚Ä¶,54
347,Sat Jun 09 11:52:23 +0000 2018,@FoxNews,-0.6249,0.0,0.773,0.227,"RT @FoxNews: .@SeanHannity: ""President @BarackObama left Trump with unfettered international disaster after disaster."" #Hannity https://t.c‚Ä¶",55
348,Sat Jun 09 11:52:23 +0000 2018,@FoxNews,-0.5106,0.0,0.548,0.452,@FoxNews They all are ugly,56
349,Sat Jun 09 11:52:22 +0000 2018,@FoxNews,0.3612,0.2,0.8,0.0,@RealOmarNavarro @FoxNews @RepMaxineWaters @TuckerCarlson @seanhannity @JudgeJeanine @IngrahamAngle Praying we shal‚Ä¶ https://t.co/ScCC9E99z0,57
350,Sat Jun 09 11:52:18 +0000 2018,@FoxNews,0.0,0.0,1.0,0.0,@TaheriKaveh @ashobmotlagh @StateDept @SohrabAhmari @BenCohenOpinion @EliLake @FoxNews @SenRubioPress Ÿà ÿ®€åÿ¥ÿ™ÿ±€åŸÜ ŸÇÿ™ŸÑ‚Ä¶ https://t.co/SNe4mXycsL,58
351,Sat Jun 09 11:52:17 +0000 2018,@FoxNews,0.4019,0.252,0.748,0.0,@FoxNews This dude is definitely trying to get re-elected..,59
352,Sat Jun 09 11:52:17 +0000 2018,@FoxNews,0.0,0.0,1.0,0.0,RT @Lagonda_Blogger: @wimbongers @Yapo_el_guapo @GBlonet @The_RealTristan @remco1012 @kr4ydnb @buzztruus @momusadept @GadflyMorse @Grijze_D‚Ä¶,60
353,Sat Jun 09 11:52:16 +0000 2018,@FoxNews,0.4404,0.116,0.884,0.0,"RT @GregShugar: ‚ÄúTrump knows how to negotiate good deals.‚Äù

Has anyone ever asked what evidence there is of this? The @FoxNews cavalry can‚Äô‚Ä¶",61
354,Sat Jun 09 11:52:15 +0000 2018,@FoxNews,0.0,0.0,1.0,0.0,@RealOmarNavarro @FoxNews @RepMaxineWaters @TuckerCarlson @seanhannity @JudgeJeanine @IngrahamAngle How do I donate‚Ä¶ https://t.co/uGVezBikUT,62
355,Sat Jun 09 11:52:14 +0000 2018,@FoxNews,0.5859,0.142,0.858,0.0,"RT @FoxNews: On this day in 1973, Secretariat becomes the first horse since Citation in 1948 to win the Triple Crown with a spectacular vic‚Ä¶",63
356,Sat Jun 09 11:52:13 +0000 2018,@FoxNews,0.0,0.0,1.0,0.0,"RT @FoxNews: .@chrisprudhome: ""In my eyes, [President @realDonaldTrump is] doing more for minority members of the community than any other‚Ä¶",64
357,Sat Jun 09 11:52:12 +0000 2018,@FoxNews,0.4767,0.255,0.745,0.0,RT @FoxNews: Trump signals willingness to back bill easing pot regulation: report https://t.co/YZoqqqG7d8 https://t.co/lUkmgWVg9G,65
358,Sat Jun 09 11:52:11 +0000 2018,@FoxNews,0.0,0.0,1.0,0.0,"RT @FoxNews: This morning, President @realDonaldTrump slammed former President @BarackObama, @SenSchumer, and Rep. @NancyPelosi for their p‚Ä¶",66
359,Sat Jun 09 11:52:10 +0000 2018,@FoxNews,0.0,0.0,1.0,0.0,"@scapelliti @MSNBC @CNN @washingtonpost @FoxNews They didn't report and wouldn't, because they're owned by those in‚Ä¶ https://t.co/KeVsjDyGki",67
360,Sat Jun 09 11:52:10 +0000 2018,@FoxNews,-0.5574,0.0,0.783,0.217,@darby_bartley @FoxNews You know they need to be legalized marijuan.  And make alcohol illegal,68
361,Sat Jun 09 11:52:10 +0000 2018,@FoxNews,0.4767,0.255,0.745,0.0,RT @FoxNews: Trump signals willingness to back bill easing pot regulation: report https://t.co/YZoqqqG7d8 https://t.co/lUkmgWVg9G,69
362,Sat Jun 09 11:52:09 +0000 2018,@FoxNews,-0.7177,0.063,0.667,0.271,@HoosierHoundDog @FoxNews Lady do your research! Alcohol is way worse opioids or way worse in their legal. Marijuan‚Ä¶ https://t.co/394s4T0lwE,70
363,Sat Jun 09 11:52:09 +0000 2018,@FoxNews,0.5882,0.27,0.73,0.0,"RT @usminority: PLZ RT!! 
See full video and join the #WalkAway movement:
https://t.co/Lh1DFF86Sg
#ThursdayThoughts 
#MakeAmericaGreatAgain‚Ä¶",71
364,Sat Jun 09 11:52:08 +0000 2018,@FoxNews,0.0,0.0,1.0,0.0,@SicTransit34 @FoxNews @Eagles @NFL @IngrahamAngle The eagles were offered a table discussion after the ceremony an‚Ä¶ https://t.co/fAFJAg8kyK,72
365,Sat Jun 09 11:52:08 +0000 2018,@FoxNews,0.0,0.0,1.0,0.0,"RT @markslavin2: @FoxNews @RickLeventhal @TeamCavuto What a putz! Regards, Sarah Silverman.",73
366,Sat Jun 09 11:52:07 +0000 2018,@FoxNews,0.0,0.0,1.0,0.0,RT @TheAAObserver: @FoxNews @Greengo73980227 Why? They still can't explain the difference between a Democrat and a Socialist. #DefeatDemCrow,74
367,Sat Jun 09 11:52:05 +0000 2018,@FoxNews,0.4767,0.255,0.745,0.0,RT @FoxNews: Trump signals willingness to back bill easing pot regulation: report https://t.co/YZoqqqG7d8 https://t.co/lUkmgWVg9G,75
368,Sat Jun 09 11:52:03 +0000 2018,@FoxNews,0.0,0.0,1.0,0.0,"RT @FoxNews: .@chrisprudhome: ""In my eyes, [President @realDonaldTrump is] doing more for minority members of the community than any other‚Ä¶",76
369,Sat Jun 09 11:52:03 +0000 2018,@FoxNews,0.0,0.0,1.0,0.0,"RT @19PHIL51: @DWStweets WHAT A SCUM BAG

@realDonaldTrump
@Pudingtane @marylene58
@MUSSIEPIGROAST @TuckerCarlson @seanhannity @IngrahamAng‚Ä¶",77
370,Sat Jun 09 11:52:03 +0000 2018,@FoxNews,0.0,0.0,1.0,0.0,"RT @FoxNews: JUST IN: Celebrity chef Anthony Bourdain hanged himself in a hotel bathroom with a bathrobe belt, French prosecutors revealed‚Ä¶",78
371,Sat Jun 09 11:52:02 +0000 2018,@FoxNews,0.0,0.0,1.0,0.0,"RT @FoxNews: .@chrisprudhome: ""In my eyes, [President @realDonaldTrump is] doing more for minority members of the community than any other‚Ä¶",79
372,Sat Jun 09 11:52:02 +0000 2018,@FoxNews,0.5542,0.174,0.826,0.0,"RT @nickpopemod: I very much enjoyed making an appearance on #TuckerCarlsonTonight on @FoxNews this evening, discussing the latest developm‚Ä¶",80
373,Sat Jun 09 11:52:02 +0000 2018,@FoxNews,0.0,0.0,1.0,0.0,@ResistanceNOW77 @FoxNews Why wasn‚Äôt this done during King Obama‚Äôs two terms in office?,81
374,Sat Jun 09 11:52:01 +0000 2018,@FoxNews,0.0,0.0,1.0,0.0,@NoNamePlease55 @FoxNews And eating junk food,82
375,Sat Jun 09 11:52:00 +0000 2018,@FoxNews,-0.2905,0.242,0.418,0.34,@FoxNews A lot better then points and heroin!!!,83
376,Sat Jun 09 11:52:00 +0000 2018,@FoxNews,0.0,0.0,1.0,0.0,"RT @FoxNews: .@chrisprudhome: ""In my eyes, [President @realDonaldTrump is] doing more for minority members of the community than any other‚Ä¶",84
377,Sat Jun 09 11:52:00 +0000 2018,@FoxNews,0.4215,0.167,0.833,0.0,"RT @FoxNews: .@POTUS on trade negotiations with Canada: ""We've made a lot of progress today."" https://t.co/WtiUwDHqGI",85
378,Sat Jun 09 11:52:00 +0000 2018,@FoxNews,0.5859,0.142,0.858,0.0,"RT @FoxNews: On this day in 1973, Secretariat becomes the first horse since Citation in 1948 to win the Triple Crown with a spectacular vic‚Ä¶",86
379,Sat Jun 09 11:51:59 +0000 2018,@FoxNews,0.4767,0.255,0.745,0.0,RT @FoxNews: Trump signals willingness to back bill easing pot regulation: report https://t.co/YZoqqqG7d8 https://t.co/lUkmgWVg9G,87
380,Sat Jun 09 11:51:59 +0000 2018,@FoxNews,0.7311,0.211,0.789,0.0,"RT @FoxNews: .@POTUS: ""I love Canada but they treat us very unfairly on trade. Very, very unfairly. You see the numbers. Almost 300% on dai‚Ä¶",88
381,Sat Jun 09 11:51:58 +0000 2018,@FoxNews,0.0,0.0,1.0,0.0,@FoxNews @marcthiessen @FoxNewsOpinion Short memories on people.  But talking to groups within groups.  Iran deal s‚Ä¶ https://t.co/kJyxN855xh,89
382,Sat Jun 09 11:51:58 +0000 2018,@FoxNews,0.0,0.0,1.0,0.0,RT @FoxNews: .@VP Visits Wounded Warriors at Walter Reed https://t.co/UuoncnuocZ,90
383,Sat Jun 09 11:51:57 +0000 2018,@FoxNews,-0.6467,0.0,0.773,0.227,@FoxNews @replouiegohmert You guys are crazy!!FOX will no doubt go down in history as being complicit in the disman‚Ä¶ https://t.co/GHFnTbHI8Z,91
384,Sat Jun 09 11:51:56 +0000 2018,@FoxNews,0.4767,0.255,0.745,0.0,RT @FoxNews: Trump signals willingness to back bill easing pot regulation: report https://t.co/YZoqqqG7d8 https://t.co/lUkmgWVg9G,92
385,Sat Jun 09 11:51:55 +0000 2018,@FoxNews,0.0,0.0,1.0,0.0,"@Cam1Eddie @FoxNews @POTUS @GOP Putin has Trump on his knees.
#MAGAt",93
386,Sat Jun 09 11:51:55 +0000 2018,@FoxNews,0.3182,0.173,0.827,0.0,RT @aka_deplorable: @RealOmarNavarro @jchjch62 @FoxNews @RepMaxineWaters @TuckerCarlson @seanhannity @JudgeJeanine @IngrahamAngle Please te‚Ä¶,94
387,Sat Jun 09 11:51:55 +0000 2018,@FoxNews,0.0,0.0,1.0,0.0,"RT @FoxNews: .@POTUS on trade negotiations with Canada: ""We've made a lot of progress."" https://t.co/jKaj0yc2tX",95
388,Sat Jun 09 11:51:54 +0000 2018,@FoxNews,0.0,0.0,1.0,0.0,RT @ErikaMcdougall: @FoxNews @seanhannity @dbongino OMGGGG‚ÄºÔ∏èJust when you thought Liberals couldn‚Äôt be MORE STUPID‚ÄºÔ∏èThis üëâüèºIDIOTüëàüèº cannot a‚Ä¶,96
389,Sat Jun 09 11:51:52 +0000 2018,@FoxNews,0.0,0.0,1.0,0.0,RT @COVFEFE4US: @Real_AzKyle @NutznVise @Resist_Libs @mitra9816 @C1imateHoax @johntieso @LibertyGirl20 @whatzen @IStateYourName_ @FoxNews @‚Ä¶,97
390,Sat Jun 09 11:51:51 +0000 2018,@FoxNews,-0.5413,0.0,0.857,0.143,RT @FoxNews: .@replouiegohmert: ‚ÄúRobert Mueller has done more damage during his 12 years as FBI director than‚Ä¶ probably all the directors p‚Ä¶,98
391,Sat Jun 09 11:51:51 +0000 2018,@FoxNews,-0.694,0.0,0.777,0.223,"RT @Logic_Triumphs: NO. The investigation has not gone on too long.
Especially when you consider that there have already been guilty pleas‚Ä¶",99
392,Sat Jun 09 11:51:50 +0000 2018,@FoxNews,0.2244,0.145,0.747,0.108,@FoxNews @POTUS Let the Dems keep focusing on all the things people don‚Äôt care about.  That‚Äôs why they are losing!,100
393,Sat Jun 09 11:52:40 +0000 2018,@NYT,-0.7717,0.0,0.705,0.295,"RT @Stunt247: ""Mark Zuckerberg, Elon Musk and the Feud Over Killer Robots"" by CADE METZ via @NYT https://t.co/sMjsmprrK4",1
394,Sat Jun 09 11:49:46 +0000 2018,@NYT,0.743,0.283,0.717,0.0,"@CNNPolitics @PressSec has 110% more credibility than @CNN @MSNBC @NYT @WAPO @DNC She is a strong, intelligent, con‚Ä¶ https://t.co/nCyjKQfyAt",2
395,Sat Jun 09 11:39:32 +0000 2018,@NYT,-0.7717,0.0,0.642,0.358,"""Mark Zuckerberg, Elon Musk and the Feud Over Killer Robots"" via @NYT https://t.co/BPotUFZyLG #technology",3
396,Sat Jun 09 11:39:15 +0000 2018,@NYT,-0.7717,0.0,0.676,0.324,"""Mark Zuckerberg, Elon Musk and the Feud Over Killer Robots"" by CADE METZ via @NYT https://t.co/sMjsmprrK4",4
397,Sat Jun 09 11:29:41 +0000 2018,@NYT,0.0,0.0,1.0,0.0,"@politico Melania got out of traveling with Trump by showing a doctor's note

@npr @cnn @wsj @HuffPostPol @nyt‚Ä¶ https://t.co/TB3YWwYBCj",5
398,Sat Jun 09 11:28:19 +0000 2018,@NYT,0.0,0.0,1.0,0.0,@politico Trump has so little credibility that none of these leaders believes or pays much attention to any of his‚Ä¶ https://t.co/0DhCzilcBS,6
399,Sat Jun 09 11:26:48 +0000 2018,@NYT,-0.3804,0.0,0.88,0.12,"@politico Very odd, next thing you know Republicans will say the only Republicans can run in Republican primaries ;‚Ä¶ https://t.co/V9lWTKzYte",7
400,Sat Jun 09 11:19:41 +0000 2018,@NYT,0.0,0.0,1.0,0.0,"Unusual to see the US President treated as inconsequential partner at the G-7

New World Order

@npr @cnn @wsj‚Ä¶ https://t.co/uORth7ny0p",8
401,Sat Jun 09 10:37:56 +0000 2018,@NYT,0.5267,0.228,0.696,0.076,atmosphere: The Rich Are Planning to Leave This Wretched Planet https://t.co/FIDZUzr4r5 @NYT https://t.co/su8U69cLTA,9
402,Sat Jun 09 10:37:55 +0000 2018,@NYT,-0.7717,0.0,0.621,0.379,"Mark Zuckerberg, Elon Musk and the Feud Over Killer Robots https://t.co/E6KBjIzKIt @NYT https://t.co/wOfuFZ9piw",10
403,Sat Jun 09 10:00:21 +0000 2018,@NYT,0.4215,0.141,0.859,0.0,"‚ÄúYou might think it‚Äôs 1918 not 2018,‚Äù said Amanda Mackenzie(@amandamack6), the chief executive of the charity Busin‚Ä¶ https://t.co/kBipTkjKH1",11
404,Sat Jun 09 09:08:25 +0000 2018,@NYT,-0.4019,0.0,0.787,0.213,"""When the Noises from Upstairs Are Worrisome"" via @NYT https://t.co/Rp5edOXRrD https://t.co/PytphRsV7Y",12
405,Sat Jun 09 09:08:08 +0000 2018,@NYT,-0.7717,0.0,0.729,0.271,"""Mark Zuckerberg, Elon Musk and the Feud Over Killer Robots"" via @NYT The New York Times https://t.co/Ktmusej5z9 #news #tech #technews",13
406,Sat Jun 09 09:04:03 +0000 2018,@NYT,0.4404,0.244,0.756,0.0,"How Good Is the Trump Economy, Really? https://t.co/mZKsJCcJwg @NYT https://t.co/6ORnkQnsxL",14
407,Sat Jun 09 09:04:02 +0000 2018,@NYT,-0.4019,0.0,0.722,0.278,What Is the Trade Deficit? https://t.co/QvaCAKj5pa @NYT https://t.co/bnoIBzHN9d,15
408,Sat Jun 09 08:57:52 +0000 2018,@NYT,-0.2584,0.0,0.88,0.12,"@almostjingo #SaturdayMotivation 

I see @AliWatkins says ""she never did actually secure a chair"" and that's why sh‚Ä¶ https://t.co/KqhEyAxVBg",16
409,Sat Jun 09 08:48:41 +0000 2018,@NYT,0.5719,0.27,0.73,0.0,@NYT here's a perfect example of what YOU should be doing https://t.co/1WNkLwVhEf,17
410,Sat Jun 09 08:23:39 +0000 2018,@NYT,-0.4215,0.0,0.811,0.189,RT @NYT: Judge Denies Trump‚Äôs Secrecy Claim in Review of Cohen Documents. https://t.co/KXagLDG0ES,18
411,Sat Jun 09 07:09:31 +0000 2018,@NYT,0.8706,0.367,0.633,0.0,@NYT I'm sure he didn't leak anything to her! That early 20s woman was with a mid-50s guy OUT OF LOVE!,19
412,Sat Jun 09 06:54:11 +0000 2018,@NYT,0.0,0.0,1.0,0.0,@petersgoodman @_StephenCastle @subwus @NYT @rickgladstone this document addresses many of the misconceptions regar‚Ä¶ https://t.co/HbHCxWNI6Z,20
413,Sat Jun 09 06:31:48 +0000 2018,@NYT,0.0,0.0,1.0,0.0,@davidmiller631 @almostjingo @SenFeinstein @NYT ü§£ü§£ü§£,21
414,Sat Jun 09 06:31:38 +0000 2018,@NYT,0.0,0.0,1.0,0.0,"RT @davidmiller631: @almostjingo @SenFeinstein My name is Ms. Ali Watkins,
I am Pulitzer finalist @NYT journo person.
My politics pink, my‚Ä¶",22
415,Sat Jun 09 05:53:36 +0000 2018,@NYT,0.0,0.0,1.0,0.0,@BistyCSRoss @Magabrat68 @realDonaldTrump @NYT @washingtonpost @MSNBC @CNN @nbc @ABC @CBS Nothing to do with Trump.‚Ä¶ https://t.co/8mvUXJEwNE,23
416,Sat Jun 09 05:22:41 +0000 2018,@NYT,0.0,0.0,1.0,0.0,Does anyone else think that the @NYT and @BuzzFeed pimping out a young reporter to a middle aged man (for years) to‚Ä¶ https://t.co/Vii7R5iO0U,24
417,Sat Jun 09 05:08:37 +0000 2018,@NYT,-0.7126,0.0,0.752,0.248,It's incredibly stupid (&amp; racist) that the @DNC &amp; @nyt opinion columnists are so obsessed with appealing to margina‚Ä¶ https://t.co/gHyDwsHTpC,25
418,Sat Jun 09 05:05:13 +0000 2018,@NYT,0.2323,0.3,0.509,0.191,@nytimes Why are you even giving this stupidity a platform? @NYT be better.,26
419,Sat Jun 09 04:40:01 +0000 2018,@NYT,0.0,0.0,1.0,0.0,@BistyCSRoss @Magabrat68 @realDonaldTrump @NYT @washingtonpost @MSNBC @CNN @nbc @ABC @CBS Manafort has been CHARGED‚Ä¶ https://t.co/6KQHKxFEIP,27
420,Sat Jun 09 04:34:38 +0000 2018,@NYT,0.5267,0.274,0.726,0.0,"RT @CNN_word: @davidmiller631 @almostjingo @SenFeinstein @NYT Poetic Justice
#AliWatkins #DrainTheSwamp",28
421,Sat Jun 09 03:56:25 +0000 2018,@NYT,0.0,0.0,1.0,0.0,@teleSURtv @lemondefr @libe @rusiatoday @nyt @fr @wsj @le_figaro @DerSPIEGEL @UN @OEA_oficial @UEenMexico‚Ä¶ https://t.co/jmIHggutUH,29
422,Sat Jun 09 03:48:02 +0000 2018,@NYT,0.2144,0.085,0.915,0.0,"RT @SashaHemon: @sarahkendzior @NYT et al treat Trump's utterances as statements of facts until proven otherwise, but they are always rheto‚Ä¶",30
423,Sat Jun 09 03:44:48 +0000 2018,@NYT,0.0,0.0,1.0,0.0,"El fraude en M√©xico @PRI_Nacional .
@DerSPIEGEL @fr
@lemondefr @le_figaro @libe @rusiatoday @nyt @washingtonpost‚Ä¶ https://t.co/e0NvfWMdFy",31
424,Sat Jun 09 02:49:10 +0000 2018,@NYT,0.0,0.0,1.0,0.0,".@jaketapper @maddow @NBCPolitics @MSNBC @ABCPolitics @CBSNews @ShepNewsTeam @nyt @washingtonpost @wsj
How about ad‚Ä¶ https://t.co/fYsRbHprJi",32
425,Sat Jun 09 02:40:33 +0000 2018,@NYT,-0.4019,0.0,0.526,0.474,Damn the @NYT https://t.co/MPaBsOoce3,33
426,Sat Jun 09 02:35:40 +0000 2018,@NYT,0.6696,0.2,0.8,0.0,RT @crlulukat: @LouiseMensch The first and the best! Where were you @ABC @NBC @CBS @MSNBC @CNN @WAPO @NYT ? https://t.co/WHTGnIKMY2,34
427,Sat Jun 09 02:31:02 +0000 2018,@NYT,0.6696,0.219,0.781,0.0,@LouiseMensch The first and the best! Where were you @ABC @NBC @CBS @MSNBC @CNN @WAPO @NYT ? https://t.co/WHTGnIKMY2,35
428,Sat Jun 09 02:12:30 +0000 2018,@NYT,0.3612,0.116,0.884,0.0,"Thank you @NYT for reporting on Anthony Bourdain. This video collage tells us about @Bourdain the Writer, and makes‚Ä¶ https://t.co/nK6kuFaP8K",36
429,Sat Jun 09 01:40:04 +0000 2018,@NYT,0.0,0.0,1.0,0.0,@NYT HISTORYüîπA tobacco company was behind this other addictive invention ‚Äîsalt &amp; vinegar chips?! üòñ https://t.co/eG2NVOOosj,37
430,Sat Jun 09 01:36:48 +0000 2018,@NYT,0.0,0.0,1.0,0.0,"RT @NYT: Opinion: If There‚Äôs a Red Wave Election in 2018, This Will Be Why. https://t.co/QHkyzdtweL",38
431,Sat Jun 09 01:28:47 +0000 2018,@NYT,0.0,0.0,1.0,0.0,"@Amy_Siskind Everybody needs to know this! 
Why isn't it being covered @NYT? @washingtonpost @YahooNews 

anybody??",39
432,Sat Jun 09 01:15:21 +0000 2018,@NYT,0.0,0.0,1.0,0.0,Big-style pimping by @BuzzfeedBen and @NYT https://t.co/M460N2ZFO0,40
433,Sat Jun 09 01:14:44 +0000 2018,@NYT,-0.4019,0.0,0.816,0.184,RT @NYT: Orange County Fights Turning Blue. And the Resistance Is Formidable.. https://t.co/S1u8gKGSXZ,41
434,Sat Jun 09 01:09:14 +0000 2018,@NYT,0.0,0.0,1.0,0.0,"""Get a Wi-Fi Tablet on a Cellular Network "" via @NYT https://t.co/hPgcyo7M37 #technology",42
435,Sat Jun 09 01:04:05 +0000 2018,@NYT,0.0,0.0,1.0,0.0,"""Get a Wi-Fi Tablet on a Cellular Network "" by J. D. BIERSDORFER via @NYT https://t.co/DiAwhGA51n",43
436,Sat Jun 09 00:53:23 +0000 2018,@NYT,0.0,0.0,1.0,0.0,@haaretzcom @WashTimes @washingtonpost @nyt,44
437,Sat Jun 09 00:50:38 +0000 2018,@NYT,0.4404,0.266,0.734,0.0,@bilaal313_n @patd5109 Good point @washingtonpost  @nyt @latimes @NBCNews @VOANews,45
438,Sat Jun 09 00:41:13 +0000 2018,@NYT,-0.2732,0.0,0.884,0.116,"""Trump‚Äôs New Plan to Dismantle Obamacare Comes With Political Risks"" via @NYT The New York Times‚Ä¶ https://t.co/ylUcB6Cw1V",46
439,Sat Jun 09 00:38:02 +0000 2018,@NYT,-0.3818,0.0,0.809,0.191,Press Groups Criticize the Seizing of a Times Reporter‚Äôs Records https://t.co/j6Eh6UPeN6 @NYT https://t.co/ShVbluatIF,47
440,Sat Jun 09 00:37:24 +0000 2018,@NYT,0.2263,0.142,0.761,0.096,"RT @antoniovelardo_: ""China‚Äôs ZTE, Saved by U.S., Has a Checkered Past and Shaky Future"" via @NYT https://t.co/Cg28sFePHM #technology",48
441,Sat Jun 09 00:34:38 +0000 2018,@NYT,0.2263,0.158,0.734,0.107,"""China‚Äôs ZTE, Saved by U.S., Has a Checkered Past and Shaky Future"" via @NYT https://t.co/Cg28sFePHM #technology",49
442,Sat Jun 09 00:34:27 +0000 2018,@NYT,0.2263,0.142,0.761,0.096,"""China‚Äôs ZTE, Saved by U.S., Has a Checkered Past and Shaky Future"" by RAYMOND ZHONG via @NYT https://t.co/sGm0N2VbMl",50
443,Sat Jun 09 00:24:00 +0000 2018,@NYT,0.0,0.0,1.0,0.0,"@politico Turns out that Trump is indeed going to take away America's healthcare.

@HillaryClinton predicted this!‚Ä¶ https://t.co/rMJrbEhXoB",51
444,Sat Jun 09 00:20:53 +0000 2018,@NYT,-0.4215,0.163,0.592,0.246,"RT @dcpoll: James Wolfe, former head of security for the Senate Intelligence Cmte, has been arrested &amp; charged w/ lying to the FBI about co‚Ä¶",52
445,Sat Jun 09 00:19:44 +0000 2018,@NYT,0.0,0.0,1.0,0.0,Hey @nyt the Brits figured out that women are going after Trump in November. When will you wake up? https://t.co/7DgXryKJKY,53
446,Sat Jun 09 00:19:07 +0000 2018,@NYT,-0.3818,0.0,0.852,0.148,"""Press Groups Criticize the Seizing of a Times Reporter‚Äôs Records"" via @NYT The New York Times‚Ä¶ https://t.co/9MQCeSDLuZ",54
447,Sat Jun 09 00:12:35 +0000 2018,@NYT,0.0,0.0,1.0,0.0,RT @OwlLove40054061: @C_3C_3 @Kate930783911 Ohhh @NYT @CNN going down down down.,55
448,Fri Jun 08 23:54:19 +0000 2018,@NYT,-0.7506,0.0,0.522,0.478,"RT @NYT: No, the Broadway Musical Isn‚Äôt Doomed. https://t.co/PwmiSkSwW7",56
449,Fri Jun 08 23:54:09 +0000 2018,@NYT,0.0,0.0,1.0,0.0,"RT @NYT: About New York: Decades Ago, New York Dug a Moat Around Its Specialized Schools. https://t.co/EH3R13Rkej",57
450,Fri Jun 08 23:51:08 +0000 2018,@NYT,-0.6166,0.0,0.691,0.309,‚Å¶@politico‚Å© ARE YOU GUYS RELATED TO FAILING @NYT ‚Å¶@AliWatkins‚Å©  https://t.co/eNjVSwXYVg,58
451,Fri Jun 08 23:49:42 +0000 2018,@NYT,0.5267,0.152,0.848,0.0,.@NYT reporter @jwpetersNYT soft peddling Trump's affection of Putin as just Trump acting out - AS IF there was no‚Ä¶ https://t.co/8hToNlU4tz,59
452,Fri Jun 08 23:44:34 +0000 2018,@NYT,0.0,0.0,1.0,0.0,@krauthammer @realDonaldTrump @foxnews @GovMikeHuckabee @BretBaier  @Franklin_Graham @maggieNYT @nyt @WhiteHouse‚Ä¶ https://t.co/Grd4eKvTbc,60
453,Fri Jun 08 23:43:00 +0000 2018,@NYT,-0.4939,0.0,0.758,0.242,RT @NYT: Chinese Hackers Steal Unclassified Data From Navy Contractor. https://t.co/IJVEB8Kx9K,61
454,Fri Jun 08 23:33:18 +0000 2018,@NYT,0.0,0.0,1.0,0.0,"@maggieNYT Quick question. Is it a requirement for @NYT journalists, to sleep with their 'sources' for information?",62
455,Fri Jun 08 23:19:48 +0000 2018,@NYT,0.0,0.0,1.0,0.0,RT @GaryZettle: @seanhannity @LouDobbs is correct about the @NYT reporter being caught with classified information u r incorrect. When a ne‚Ä¶,63
456,Fri Jun 08 23:18:28 +0000 2018,@NYT,0.0,0.0,1.0,0.0,RT @GaryZettle: @seanhannity @LouDobbs is correct about the @NYT reporter being caught with classified information u r incorrect. When a ne‚Ä¶,64
457,Fri Jun 08 23:18:14 +0000 2018,@NYT,0.0,0.0,1.0,0.0,RT @GaryZettle: @seanhannity @LouDobbs is correct about the @NYT reporter being caught with classified information u r incorrect. When a ne‚Ä¶,65
458,Fri Jun 08 23:17:54 +0000 2018,@NYT,0.0,0.0,1.0,0.0,@seanhannity @LouDobbs is correct about the @NYT reporter being caught with classified information u r incorrect. W‚Ä¶ https://t.co/ipMJ7vTHb6,66
459,Fri Jun 08 23:06:50 +0000 2018,@NYT,0.6124,0.167,0.833,0.0,"Noting of course how the media scrum is silent but for 1 or 2 respectful questions that if answered, could only be‚Ä¶ https://t.co/1I6IGpzJG3",67
460,Fri Jun 08 22:56:58 +0000 2018,@NYT,-0.4404,0.0,0.775,0.225,"RT @NYT: With Mueller Closing In, Manafort‚Äôs Allies Abandon Him. https://t.co/q1uwrfQEeF",68
461,Fri Jun 08 22:56:29 +0000 2018,@NYT,-0.8625,0.0,0.65,0.35,"""How Suicide Quietly Morphed Into a Public Health Crisis"" via @NYT The New York Times https://t.co/37eoB0orEq #health #healthnews #news",69
462,Fri Jun 08 22:42:02 +0000 2018,@NYT,-0.0516,0.0,0.882,0.118,Pixar Co-Founder to Leave Disney After ‚ÄòMissteps‚Äô https://t.co/fI6BfxxlOL @NYT https://t.co/DRaTrCd24C,70
463,Fri Jun 08 22:39:07 +0000 2018,@NYT,0.4404,0.195,0.805,0.0,#DontJustSitThereDoSomething NY Times | A Year of Living Better: How to Participate in Politics‚Ä¶ https://t.co/ZzEs2KiNpN,71
464,Fri Jun 08 22:33:54 +0000 2018,@NYT,0.0,0.0,1.0,0.0,"RT @NYT: G-7, Manafort, Bourdain: Your Friday Evening Briefing. https://t.co/DXqQnZaoqI",72
465,Fri Jun 08 22:19:11 +0000 2018,@NYT,-0.0516,0.0,0.93,0.07,"""Pixar Co-Founder to Leave Disney After ‚ÄòMissteps‚Äô"" via @NYT The New York Times https://t.co/ZZS95lCVlP #businessnews #business #news",73
466,Fri Jun 08 22:15:28 +0000 2018,@NYT,-0.1531,0.0,0.849,0.151,RT @NYT: Rebel in the Kitchen: Remembering Anthony Bourdain. https://t.co/zwOEqDxxAw,74
467,Fri Jun 08 22:14:37 +0000 2018,@NYT,-0.2944,0.0,0.886,0.114,@TheEconomist @NewsJunkie60 Trump is proving that the US model of government is quite vulnerable to a Nazi despot.‚Ä¶ https://t.co/VQvI4AJbHh,75
468,Fri Jun 08 22:13:45 +0000 2018,@NYT,0.0,0.0,1.0,0.0,RT @NYT: Bill Cunningham‚Äôs Unseen Scrapbooks. https://t.co/uy8596OPmX,76
469,Fri Jun 08 22:11:07 +0000 2018,@NYT,-0.6696,0.0,0.732,0.268,"@politico Chao, in becoming a petty criminal, fits right into the GOP Administration!

@npr @cnn @wsj @HuffPostPol‚Ä¶ https://t.co/zf4B61lOde",77
470,Fri Jun 08 22:08:11 +0000 2018,@NYT,0.0,0.0,1.0,0.0,RT @NYT: Letters to the Editor. https://t.co/9cc9VavTiq,78
471,Fri Jun 08 22:06:44 +0000 2018,@NYT,0.0,0.0,1.0,0.0,"@realDonaldTrump A President who doesn't get it, is sort of a dope, and possibly a Russian agent would be a BIG IMP‚Ä¶ https://t.co/z715GYQEL7",79
472,Fri Jun 08 22:03:12 +0000 2018,@NYT,-0.1531,0.0,0.849,0.151,RT @NYT: Rebel in the Kitchen: Remembering Anthony Bourdain. https://t.co/zwOEqDxxAw,80
473,Fri Jun 08 22:00:25 +0000 2018,@NYT,-0.2732,0.112,0.695,0.193,@NYT @politico @BuzzFeed Good point about all of you. Btw @FBI @TheJusticeDept Ali has lied too denying he was the‚Ä¶ https://t.co/K3Lo8QWMbT,81
474,Fri Jun 08 21:54:54 +0000 2018,@NYT,0.5994,0.358,0.642,0.0,RT @NYT: Why Cooks Loved Anthony Bourdain. https://t.co/7XIzQErdkJ,82
475,Fri Jun 08 21:53:22 +0000 2018,@NYT,0.2263,0.106,0.894,0.0,RT @NYT: That Decisive Moment: June Is Bustin‚Äô Out All Over: The Week in Classical Music. https://t.co/mINSKWHbs7,83
476,Fri Jun 08 21:47:25 +0000 2018,@NYT,-0.0258,0.108,0.78,0.112,RT @RealPirateShip: What do you do when a friend is depressed for such a long time that you‚Äôve started to feel that nothing you can do will‚Ä¶,84
477,Fri Jun 08 21:33:15 +0000 2018,@NYT,0.2732,0.214,0.636,0.15,RT @NYT: How the Hockey Team in Las Vegas Won Despite Losing. https://t.co/ez0UqWDPZ7,85
478,Fri Jun 08 21:27:29 +0000 2018,@NYT,0.1779,0.248,0.56,0.192,Some real winners working for Holocaust denying @NYT  https://t.co/DXREaNJZLa,86
479,Fri Jun 08 21:22:28 +0000 2018,@NYT,0.0,0.0,1.0,0.0,"RT @davidmiller631: @almostjingo @SenFeinstein My name is Ms. Ali Watkins,
I am Pulitzer finalist @NYT journo person.
My politics pink, my‚Ä¶",87
480,Fri Jun 08 21:22:25 +0000 2018,@NYT,0.0,0.0,1.0,0.0,@NYT https://t.co/WmWDXQizHh,88
481,Fri Jun 08 21:17:31 +0000 2018,@NYT,0.0258,0.084,0.836,0.08,"RT @libertytarian: @CNN @NYT &amp; #MSM also freaked out when
#KimJongUn said his nuclear button was ""always on my desk""
&amp; #Trump joked ""my but‚Ä¶",89
482,Fri Jun 08 21:16:34 +0000 2018,@NYT,0.3182,0.173,0.827,0.0,RT @NYT: Fiction: Clarice Lispector‚Äôs Second Novel Charts a Woman‚Äôs Existential Awakening. https://t.co/mgG7uNRZKp,90
483,Fri Jun 08 21:16:12 +0000 2018,@NYT,0.0,0.0,1.0,0.0,"RT @davidmiller631: @almostjingo @SenFeinstein My name is Ms. Ali Watkins,
I am Pulitzer finalist @NYT journo person.
My politics pink, my‚Ä¶",91
484,Fri Jun 08 21:14:53 +0000 2018,@NYT,-0.0258,0.108,0.78,0.112,RT @RealPirateShip: What do you do when a friend is depressed for such a long time that you‚Äôve started to feel that nothing you can do will‚Ä¶,92
485,Fri Jun 08 21:13:30 +0000 2018,@NYT,-0.0258,0.108,0.78,0.112,RT @RealPirateShip: What do you do when a friend is depressed for such a long time that you‚Äôve started to feel that nothing you can do will‚Ä¶,93
486,Fri Jun 08 21:03:20 +0000 2018,@NYT,-0.68,0.0,0.79,0.21,"RT @chachmalone: @hale_razor NYTs need someone to inform them it wasn‚Äôt a reporter arrested, it was the leaker! He has no 1st amendment rig‚Ä¶",94
487,Fri Jun 08 20:58:59 +0000 2018,@NYT,0.3455,0.265,0.528,0.207,@LisaMei62 Honestly this just embarrassing to read. This is very childish from a @NYT reporter TOTALLY KIDDING? Really?,95
488,Fri Jun 08 20:56:55 +0000 2018,@NYT,0.0,0.0,1.0,0.0,RT @roryslife: @SaysSimonson @DailyCaller So basically @BuzzFeedBen pimped out a young intern/reporter @AliWatkins to an old man for leaks.‚Ä¶,96
